YYYY	MM	DD	HH	MIN	SWD	SWDtop	CU	CM	CD	TT2M	ST	RH2m	WS10m	WS100m	PREC	SNOW
2022.	8.	17.	0.	15.	0.00	0.00	1.00	0.07	0.02	18.97	18.97	84.92	1.82	6.85	0.09	0.00
2022.	8.	17.	0.	30.	0.00	0.00	1.00	0.09	0.02	18.51	18.51	87.52	1.63	6.95	0.04	0.00
2022.	8.	17.	0.	45.	0.00	0.00	1.00	0.10	0.02	18.60	18.60	86.99	1.52	6.91	0.09	0.00
2022.	8.	17.	1.	0.	0.00	0.00	1.00	0.10	0.02	18.81	18.81	85.73	1.62	6.86	0.04	0.00
2022.	8.	17.	1.	15.	0.00	0.00	1.00	0.40	0.02	18.88	18.88	85.40	1.85	6.81	0.08	0.00
2022.	8.	17.	1.	30.	0.00	0.00	1.00	0.40	0.02	18.70	18.70	86.81	1.83	6.89	0.04	0.00
2022.	8.	17.	1.	45.	0.00	0.00	1.00	0.40	0.02	18.72	18.72	86.64	1.97	7.08	0.09	0.00
2022.	8.	17.	2.	0.	0.00	0.00	1.00	0.40	0.02	18.79	18.79	86.11	2.07	7.14	0.04	0.00
2022.	8.	17.	2.	15.	0.00	0.00	0.72	0.34	0.02	18.64	18.64	86.75	1.99	7.03	0.09	0.00
2022.	8.	17.	2.	30.	0.00	0.00	0.72	0.34	0.02	18.41	18.41	87.95	1.89	6.89	0.04	0.00
2022.	8.	17.	2.	45.	0.00	0.00	0.72	0.34	0.02	18.26	18.26	88.62	1.89	6.79	0.09	0.00
2022.	8.	17.	3.	0.	0.00	0.00	0.72	0.34	0.02	18.15	18.15	89.02	1.85	6.64	0.04	0.00
2022.	8.	17.	3.	15.	0.00	0.00	0.81	0.26	0.02	17.91	17.91	90.06	1.77	6.39	0.09	0.00
2022.	8.	17.	3.	30.	0.00	0.00	0.81	0.26	0.02	17.70	17.70	90.89	1.82	6.14	0.04	0.00
2022.	8.	17.	3.	45.	0.00	0.00	0.81	0.26	0.02	17.77	17.77	90.08	1.93	5.91	0.09	0.00
2022.	8.	17.	4.	0.	0.00	0.00	0.81	0.26	0.02	17.76	17.76	89.87	1.99	5.67	0.05	0.00
2022.	8.	17.	4.	15.	0.00	0.00	1.00	0.65	0.02	17.89	17.89	89.24	2.12	5.43	0.09	0.00
2022.	8.	17.	4.	30.	0.00	0.00	1.00	0.65	0.02	17.99	17.99	88.73	2.15	5.30	0.04	0.00
2022.	8.	17.	4.	45.	0.00	0.00	1.00	0.65	0.02	17.93	17.93	89.13	2.03	5.28	0.09	0.00
2022.	8.	17.	5.	0.	0.00	0.00	1.00	0.65	0.02	17.89	17.89	89.44	2.07	5.51	0.04	0.00
2022.	8.	17.	5.	15.	8.69	121.54	1.00	1.00	0.58	17.98	17.98	89.71	2.55	7.00	0.06	0.00
2022.	8.	17.	5.	30.	8.69	121.54	1.00	1.00	0.58	18.25	18.25	88.19	2.51	7.08	0.02	0.00
2022.	8.	17.	5.	45.	33.96	240.84	1.00	1.00	0.09	18.36	18.36	88.19	2.37	6.32	0.00	0.00
2022.	8.	17.	6.	0.	36.39	264.16	1.00	1.00	0.09	18.83	18.83	85.16	3.21	7.09	0.00	0.00
2022.	8.	17.	6.	15.	45.66	335.49	1.00	1.00	0.02	19.18	19.18	82.96	3.66	7.70	0.01	0.00
2022.	8.	17.	6.	30.	51.00	383.63	1.00	1.00	0.02	19.35	19.35	81.89	4.04	8.26	0.01	0.00
2022.	8.	17.	6.	45.	41.11	430.22	1.00	1.00	0.23	19.38	19.38	81.21	4.28	8.51	0.03	0.00
2022.	8.	17.	7.	0.	17.90	475.45	1.00	1.00	0.62	19.32	19.32	80.95	3.90	7.95	0.00	0.00
2022.	8.	17.	7.	15.	10.02	543.03	1.00	1.00	1.00	19.41	19.41	79.97	3.39	7.13	0.01	0.00
2022.	8.	17.	7.	30.	13.41	587.54	1.00	1.00	1.00	19.36	19.36	80.63	2.90	6.18	0.00	0.00
2022.	8.	17.	7.	45.	65.22	630.04	1.00	1.00	0.65	19.20	19.20	82.51	2.67	5.78	0.00	0.00
2022.	8.	17.	8.	0.	159.42	670.79	1.00	1.00	0.00	19.63	19.63	79.90	2.73	5.45	0.00	0.00
2022.	8.	17.	8.	15.	98.60	730.01	1.00	1.00	0.00	19.61	19.61	77.80	3.78	6.90	0.00	0.00
2022.	8.	17.	8.	30.	72.88	767.85	1.00	1.00	0.00	19.22	19.22	78.98	4.03	7.35	0.00	0.00
2022.	8.	17.	8.	45.	49.81	803.38	1.00	1.00	0.33	18.75	18.75	81.81	3.87	7.05	0.00	0.00
2022.	8.	17.	9.	0.	29.05	836.87	1.00	1.00	0.95	18.12	18.12	86.70	3.61	6.68	0.04	0.00
2022.	8.	17.	9.	15.	35.81	883.70	1.00	1.00	0.50	17.50	17.50	92.81	2.12	4.53	0.09	0.00
2022.	8.	17.	9.	30.	56.82	912.29	1.00	1.00	0.18	17.40	17.40	95.37	1.76	3.78	0.05	0.00
2022.	8.	17.	9.	45.	130.20	938.41	1.00	1.00	0.03	17.48	17.48	94.96	0.73	1.33	0.02	0.00
2022.	8.	17.	10.	0.	249.41	962.37	1.00	1.00	0.02	18.01	18.01	94.13	0.51	0.59	0.03	0.00
2022.	8.	17.	10.	15.	403.24	993.61	0.34	1.00	0.01	18.50	18.50	93.54	1.21	1.68	0.02	0.00
2022.	8.	17.	10.	30.	384.29	1011.01	0.79	1.00	0.01	18.73	18.73	93.10	1.30	1.76	0.00	0.00
2022.	8.	17.	10.	45.	382.88	1025.95	1.00	0.77	0.00	19.10	19.10	91.95	2.02	3.01	0.00	0.00
2022.	8.	17.	11.	0.	396.82	1038.74	1.00	0.34	0.00	19.51	19.51	89.37	2.15	3.36	0.00	0.00
2022.	8.	17.	11.	15.	634.14	1052.27	0.81	0.38	0.00	20.14	20.14	86.44	2.27	3.55	0.00	0.00
2022.	8.	17.	11.	30.	718.87	1057.29	0.27	0.13	0.00	20.50	20.50	83.15	2.50	3.81	0.00	0.00
2022.	8.	17.	11.	45.	760.46	1060.03	0.01	0.00	0.00	20.83	20.83	80.47	2.39	3.53	0.00	0.00
2022.	8.	17.	12.	0.	764.31	1060.77	0.00	0.00	0.00	21.27	21.27	78.15	2.31	3.32	0.00	0.00
2022.	8.	17.	12.	15.	759.44	1055.66	0.00	0.00	0.00	21.52	21.52	76.48	2.40	3.41	0.00	0.00
2022.	8.	17.	12.	30.	752.78	1047.96	0.00	0.00	0.00	21.62	21.62	74.91	2.46	3.43	0.00	0.00
2022.	8.	17.	12.	45.	744.56	1038.31	0.00	0.00	0.00	22.03	22.03	72.60	2.53	3.58	0.00	0.00
2022.	8.	17.	13.	0.	734.97	1026.96	0.00	0.00	0.00	22.49	22.49	70.48	2.61	3.77	0.00	0.00
2022.	8.	17.	13.	15.	714.96	1003.57	0.00	0.00	0.00	22.91	22.91	68.63	2.73	3.98	0.00	0.00
2022.	8.	17.	13.	30.	698.02	983.67	0.00	0.00	0.00	23.20	23.20	67.12	2.87	4.21	0.00	0.00
2022.	8.	17.	13.	45.	680.03	962.29	0.00	0.00	0.00	23.40	23.40	66.07	2.97	4.41	0.00	0.00
2022.	8.	17.	14.	0.	661.14	939.62	0.00	0.00	0.00	23.51	23.51	65.43	2.97	4.43	0.00	0.00
2022.	8.	17.	14.	15.	627.34	899.54	0.00	0.00	0.00	23.56	23.56	65.17	2.85	4.23	0.00	0.00
2022.	8.	17.	14.	30.	601.46	868.79	0.00	0.00	0.00	23.61	23.61	65.06	2.67	3.92	0.00	0.00
2022.	8.	17.	14.	45.	574.73	837.14	0.00	0.00	0.00	23.68	23.68	64.83	2.51	3.62	0.00	0.00
2022.	8.	17.	15.	0.	547.25	804.69	0.00	0.00	0.00	23.78	23.78	64.37	2.39	3.42	0.00	0.00
2022.	8.	17.	15.	15.	498.17	750.65	0.02	0.00	0.00	23.86	23.86	63.89	2.29	3.22	0.01	0.00
2022.	8.	17.	15.	30.	457.33	711.16	0.09	0.01	0.00	23.89	23.89	63.38	2.20	3.09	0.02	0.00
2022.	8.	17.	15.	45.	411.77	671.40	0.20	0.02	0.00	23.85	23.85	63.60	2.07	2.95	0.09	0.00
2022.	8.	17.	16.	0.	362.09	631.38	0.36	0.03	0.01	23.84	23.84	63.80	1.95	2.85	0.04	0.00
2022.	8.	17.	16.	15.	317.07	567.06	0.30	0.03	0.01	23.81	23.81	64.33	1.94	2.88	0.08	0.00
2022.	8.	17.	16.	30.	288.24	521.52	0.24	0.02	0.01	23.80	23.80	64.83	2.06	3.13	0.03	0.00
2022.	8.	17.	16.	45.	263.86	476.35	0.14	0.01	0.00	23.76	23.76	64.88	2.23	3.49	0.01	0.00
2022.	8.	17.	17.	0.	243.36	431.50	0.00	0.00	0.00	23.67	23.67	64.54	2.44	3.86	0.00	0.00
2022.	8.	17.	17.	15.	193.54	361.28	0.00	0.00	0.00	23.40	23.40	65.28	2.60	4.18	0.00	0.00
2022.	8.	17.	17.	30.	160.22	312.79	0.00	0.00	0.00	23.07	23.07	66.64	2.66	4.37	0.00	0.00
2022.	8.	17.	17.	45.	128.42	265.29	0.00	0.00	0.00	22.67	22.67	68.49	2.61	4.35	0.00	0.00
2022.	8.	17.	18.	0.	97.93	218.66	0.00	0.00	0.00	22.25	22.25	70.71	2.46	4.21	0.00	0.00
2022.	8.	17.	18.	15.	55.10	147.33	0.00	0.00	0.00	21.88	21.88	72.71	2.32	4.08	0.00	0.00
2022.	8.	17.	18.	30.	31.00	99.19	0.00	0.00	0.00	21.48	21.48	74.94	2.20	4.07	0.00	0.00
2022.	8.	17.	18.	45.	7.21	41.86	0.00	0.00	0.00	20.90	20.90	77.71	2.18	4.21	0.00	0.00
2022.	8.	17.	19.	0.	7.21	41.86	0.00	0.00	0.00	20.71	20.71	78.78	2.02	4.42	0.00	0.00
2022.	8.	17.	19.	15.	0.00	0.00	0.00	0.00	0.00	20.43	20.43	80.00	1.98	4.48	0.00	0.00
2022.	8.	17.	19.	30.	0.00	0.00	0.00	0.00	0.00	20.17	20.17	81.15	1.94	4.52	0.00	0.00
2022.	8.	17.	19.	45.	0.00	0.00	0.00	0.00	0.00	19.98	19.98	82.09	1.91	4.52	0.00	0.00
2022.	8.	17.	20.	0.	0.00	0.00	0.00	0.00	0.00	19.75	19.75	83.16	1.88	4.58	0.00	0.00
2022.	8.	17.	20.	15.	0.00	0.00	0.00	0.00	0.00	19.46	19.46	84.46	1.84	4.67	0.00	0.00
2022.	8.	17.	20.	30.	0.00	0.00	0.00	0.00	0.00	19.20	19.20	85.56	1.82	4.78	0.00	0.00
2022.	8.	17.	20.	45.	0.00	0.00	0.00	0.00	0.00	19.03	19.03	86.22	1.81	4.88	0.00	0.00
2022.	8.	17.	21.	0.	0.00	0.00	0.00	0.00	0.00	18.88	18.88	86.77	1.78	4.89	0.00	0.00
2022.	8.	17.	21.	15.	0.00	0.00	0.32	0.00	0.00	18.68	18.68	87.53	1.75	4.84	0.00	0.00
2022.	8.	17.	21.	30.	0.00	0.00	0.32	0.00	0.00	18.48	18.48	88.06	1.72	4.77	0.00	0.00
2022.	8.	17.	21.	45.	0.00	0.00	0.32	0.00	0.00	18.34	18.34	88.35	1.71	4.70	0.00	0.00
2022.	8.	17.	22.	0.	0.00	0.00	0.32	0.00	0.00	18.20	18.20	88.77	1.74	4.64	0.00	0.00
2022.	8.	17.	22.	15.	0.00	0.00	0.55	0.00	0.00	18.09	18.09	89.27	1.79	4.68	0.00	0.00
2022.	8.	17.	22.	30.	0.00	0.00	0.55	0.00	0.00	18.02	18.02	89.71	1.85	4.74	0.00	0.00
2022.	8.	17.	22.	45.	0.00	0.00	0.55	0.00	0.00	18.00	18.00	89.88	1.96	4.73	0.00	0.00
2022.	8.	17.	23.	0.	0.00	0.00	0.55	0.00	0.00	17.99	17.99	90.14	2.04	4.63	0.00	0.00
2022.	8.	17.	23.	15.	0.00	0.00	0.90	0.00	0.00	17.88	17.88	90.86	2.03	4.59	0.00	0.00
2022.	8.	17.	23.	30.	0.00	0.00	0.90	0.00	0.00	17.74	17.74	91.78	1.98	4.66	0.00	0.00
2022.	8.	17.	23.	45.	0.00	0.00	0.90	0.00	0.00	17.64	17.64	92.58	1.97	4.68	0.00	0.00
2022.	8.	18.	0.	0.	0.00	0.00	0.90	0.00	0.00	17.56	17.56	93.02	1.92	4.61	0.00	0.00
2022.	8.	18.	0.	15.	0.00	0.00	1.00	0.00	0.00	17.46	17.46	93.42	1.82	4.48	0.00	0.00
2022.	8.	18.	0.	30.	0.00	0.00	1.00	0.00	0.00	17.36	17.36	93.77	1.74	4.38	0.00	0.00
2022.	8.	18.	0.	45.	0.00	0.00	1.00	0.00	0.00	17.25	17.25	94.14	1.67	4.33	0.00	0.00
2022.	8.	18.	1.	0.	0.00	0.00	1.00	0.00	0.00	17.17	17.17	94.37	1.61	4.30	0.00	0.00
2022.	8.	18.	1.	15.	0.00	0.00	1.00	0.00	0.00	17.07	17.07	94.57	1.52	4.26	0.00	0.00
2022.	8.	18.	1.	30.	0.00	0.00	1.00	0.00	0.00	16.92	16.92	94.84	1.41	4.23	0.00	0.00
2022.	8.	18.	1.	45.	0.00	0.00	1.00	0.00	0.00	16.70	16.70	95.12	1.33	4.19	0.00	0.00
2022.	8.	18.	2.	0.	0.00	0.00	1.00	0.00	0.00	16.53	16.53	95.65	1.27	4.12	0.00	0.00
2022.	8.	18.	2.	15.	0.00	0.00	1.00	0.00	0.00	16.42	16.42	96.12	1.20	3.95	0.00	0.00
2022.	8.	18.	2.	30.	0.00	0.00	1.00	0.00	0.00	16.31	16.31	96.43	1.37	3.57	0.00	0.00
2022.	8.	18.	2.	45.	0.00	0.00	1.00	0.00	0.00	16.17	16.17	96.64	1.88	3.20	0.00	0.00
2022.	8.	18.	3.	0.	0.00	0.00	1.00	0.00	0.00	16.16	16.16	96.71	1.75	3.31	0.00	0.00
2022.	8.	18.	3.	15.	0.00	0.00	1.00	0.00	0.00	16.27	16.27	96.69	1.80	3.97	0.00	0.00
2022.	8.	18.	3.	30.	0.00	0.00	1.00	0.00	0.00	16.26	16.26	96.95	1.78	4.56	0.00	0.00
2022.	8.	18.	3.	45.	0.00	0.00	1.00	0.00	0.00	16.28	16.28	97.26	1.88	4.47	0.00	0.00
2022.	8.	18.	4.	0.	0.00	0.00	1.00	0.00	0.00	16.25	16.25	97.56	1.76	4.23	0.00	0.00
2022.	8.	18.	4.	15.	0.00	0.00	1.00	0.00	0.04	16.15	16.15	97.95	1.59	4.00	0.00	0.00
2022.	8.	18.	4.	30.	0.00	0.00	1.00	0.00	0.04	16.06	16.06	98.24	1.46	3.78	0.00	0.00
2022.	8.	18.	4.	45.	0.00	0.00	1.00	0.00	0.04	15.98	15.98	98.42	1.32	3.60	0.00	0.00
2022.	8.	18.	5.	0.	0.00	0.00	1.00	0.00	0.04	15.88	15.88	98.69	1.15	3.43	0.00	0.00
2022.	8.	18.	5.	15.	29.08	115.14	1.00	0.00	0.15	15.91	15.91	98.84	0.95	3.22	0.00	0.00
2022.	8.	18.	5.	30.	29.08	115.14	1.00	0.00	0.15	15.99	15.99	99.08	0.90	2.89	0.00	0.00
2022.	8.	18.	5.	45.	73.32	234.64	1.00	0.00	0.22	16.15	16.15	98.79	0.87	2.61	0.00	0.00
2022.	8.	18.	6.	0.	85.10	258.01	1.00	0.00	0.22	16.31	16.31	98.35	0.94	2.36	0.00	0.00
2022.	8.	18.	6.	15.	130.97	329.46	1.00	0.00	0.15	16.48	16.48	97.99	0.99	2.26	0.00	0.00
2022.	8.	18.	6.	30.	161.81	377.69	1.00	0.00	0.12	16.67	16.67	97.63	0.95	2.23	0.00	0.00
2022.	8.	18.	6.	45.	191.45	424.37	1.00	0.00	0.08	16.92	16.92	97.07	0.88	2.16	0.00	0.00
2022.	8.	18.	7.	0.	220.02	469.69	1.00	0.00	0.05	17.24	17.24	96.25	0.85	2.07	0.00	0.00
2022.	8.	18.	7.	15.	257.51	537.40	1.00	0.00	0.00	17.67	17.67	94.79	0.94	2.05	0.00	0.00
2022.	8.	18.	7.	30.	271.55	582.00	1.00	0.00	0.00	18.05	18.05	92.50	1.27	1.99	0.00	0.00
2022.	8.	18.	7.	45.	278.87	624.60	1.00	0.00	0.00	18.34	18.34	91.28	1.38	2.02	0.00	0.00
2022.	8.	18.	8.	0.	280.31	665.44	1.00	0.00	0.00	18.63	18.63	90.32	1.49	2.23	0.00	0.00
2022.	8.	18.	8.	15.	284.47	724.80	1.00	0.00	0.00	18.90	18.90	89.17	1.64	2.50	0.00	0.00
2022.	8.	18.	8.	30.	291.67	762.73	1.00	0.01	0.00	19.14	19.14	86.83	1.88	2.85	0.00	0.00
2022.	8.	18.	8.	45.	303.12	798.34	1.00	0.05	0.00	19.40	19.40	85.18	2.03	3.11	0.00	0.00
2022.	8.	18.	9.	0.	318.29	831.92	1.00	0.11	0.00	19.67	19.67	84.09	2.20	3.42	0.00	0.00
2022.	8.	18.	9.	15.	406.64	878.88	1.00	0.21	0.00	20.00	20.00	82.53	2.29	3.55	0.00	0.00
2022.	8.	18.	9.	30.	416.79	907.56	1.00	0.28	0.00	20.33	20.33	80.40	2.34	3.61	0.00	0.00
2022.	8.	18.	9.	45.	433.21	933.76	1.00	0.34	0.00	20.68	20.68	77.83	2.36	3.64	0.00	0.00
2022.	8.	18.	10.	0.	455.13	957.79	1.00	0.38	0.00	20.97	20.97	75.35	2.32	3.51	0.00	0.00
2022.	8.	18.	10.	15.	466.70	989.15	1.00	0.35	0.00	21.19	21.19	73.37	2.23	3.31	0.00	0.00
2022.	8.	18.	10.	30.	481.68	1006.62	1.00	0.26	0.00	21.41	21.41	71.89	2.10	3.05	0.00	0.00
2022.	8.	18.	10.	45.	488.47	1021.62	1.00	0.17	0.00	21.65	21.65	70.50	1.95	2.75	0.00	0.00
2022.	8.	18.	11.	0.	488.09	1034.47	1.00	0.08	0.00	21.90	21.90	69.17	1.84	2.54	0.00	0.00
2022.	8.	18.	11.	15.	464.57	1048.09	1.00	0.04	0.00	22.12	22.12	68.09	1.76	2.39	0.00	0.00
2022.	8.	18.	11.	30.	435.35	1053.16	1.00	0.03	0.00	22.34	22.34	67.13	1.72	2.32	0.00	0.00
2022.	8.	18.	11.	45.	406.86	1055.94	1.00	0.04	0.00	22.56	22.56	66.35	1.78	2.41	0.00	0.00
2022.	8.	18.	12.	0.	379.02	1056.73	1.00	0.05	0.00	22.75	22.75	65.80	1.89	2.62	0.00	0.00
2022.	8.	18.	12.	15.	348.31	1051.68	1.00	0.07	0.00	22.92	22.92	65.27	2.07	2.93	0.00	0.00
2022.	8.	18.	12.	30.	334.16	1044.01	1.00	0.09	0.00	23.02	23.02	64.62	2.26	3.27	0.00	0.00
2022.	8.	18.	12.	45.	321.99	1034.38	1.00	0.11	0.00	22.98	22.98	63.68	2.38	3.45	0.00	0.00
2022.	8.	18.	13.	0.	311.54	1023.05	1.00	0.13	0.00	22.92	22.92	62.73	2.37	3.47	0.00	0.00
2022.	8.	18.	13.	15.	295.24	999.68	1.00	0.16	0.00	22.92	22.92	61.98	2.30	3.41	0.00	0.00
2022.	8.	18.	13.	30.	283.48	979.79	1.00	0.17	0.00	22.93	22.93	61.39	2.19	3.27	0.00	0.00
2022.	8.	18.	13.	45.	275.18	958.41	1.00	0.16	0.00	22.95	22.95	60.94	2.07	3.09	0.00	0.00
2022.	8.	18.	14.	0.	269.90	935.73	1.00	0.13	0.00	22.99	22.99	60.58	1.95	2.90	0.00	0.00
2022.	8.	18.	14.	15.	298.83	895.64	1.00	0.02	0.00	23.10	23.10	60.14	1.84	2.70	0.00	0.00
2022.	8.	18.	14.	30.	346.18	864.88	1.00	0.01	0.00	23.24	23.24	59.66	1.78	2.56	0.00	0.00
2022.	8.	18.	14.	45.	373.84	833.20	1.00	0.00	0.00	23.43	23.43	59.07	1.83	2.59	0.00	0.00
2022.	8.	18.	15.	0.	384.27	800.73	1.00	0.00	0.00	23.59	23.59	58.53	1.93	2.70	0.00	0.00
2022.	8.	18.	15.	15.	410.75	746.64	1.00	0.00	0.00	23.71	23.71	58.06	2.00	2.79	0.00	0.00
2022.	8.	18.	15.	30.	406.17	707.11	1.00	0.00	0.00	23.81	23.81	57.35	2.06	2.87	0.00	0.00
2022.	8.	18.	15.	45.	383.31	667.29	1.00	0.00	0.00	23.87	23.87	56.56	2.12	2.97	0.00	0.00
2022.	8.	18.	16.	0.	344.46	627.24	1.00	0.00	0.00	23.83	23.83	56.02	2.15	3.05	0.00	0.00
2022.	8.	18.	16.	15.	222.96	562.83	1.00	0.00	0.00	23.62	23.62	56.27	2.17	3.17	0.00	0.00
2022.	8.	18.	16.	30.	159.47	517.23	1.00	0.00	0.00	23.37	23.37	57.06	2.17	3.31	0.00	0.00
2022.	8.	18.	16.	45.	113.66	471.99	1.00	0.00	0.00	23.03	23.03	58.69	2.10	3.36	0.00	0.00
2022.	8.	18.	17.	0.	83.34	427.08	1.00	0.00	0.00	22.71	22.71	60.70	1.97	3.27	0.00	0.00
2022.	8.	18.	17.	15.	64.26	356.75	1.00	0.00	0.00	22.48	22.48	62.35	1.77	3.03	0.00	0.00
2022.	8.	18.	17.	30.	56.40	308.18	1.00	0.00	0.00	22.24	22.24	64.39	1.62	2.89	0.00	0.00
2022.	8.	18.	17.	45.	48.73	260.60	1.00	0.00	0.00	21.97	21.97	66.82	1.51	2.84	0.00	0.00
2022.	8.	18.	18.	0.	41.21	213.89	1.00	0.00	0.00	21.63	21.63	69.22	1.46	2.76	0.00	0.00
2022.	8.	18.	18.	15.	28.53	142.44	1.00	0.00	0.00	21.79	21.79	68.69	1.27	2.60	0.00	0.00
2022.	8.	18.	18.	30.	19.11	94.21	1.00	0.00	0.00	21.94	21.94	67.75	1.08	2.36	0.00	0.00
2022.	8.	18.	18.	45.	7.14	36.76	1.00	0.00	0.00	21.75	21.75	68.09	1.06	2.28	0.00	0.00
2022.	8.	18.	19.	0.	7.14	36.76	1.00	0.00	0.00	21.54	21.54	68.63	1.18	2.44	0.00	0.00
2022.	8.	18.	19.	15.	0.00	0.00	0.99	0.00	0.00	21.48	21.48	68.34	1.28	2.65	0.00	0.00
2022.	8.	18.	19.	30.	0.00	0.00	0.99	0.00	0.00	21.27	21.27	68.74	1.34	2.78	0.00	0.00
2022.	8.	18.	19.	45.	0.00	0.00	0.99	0.00	0.00	21.03	21.03	69.17	1.50	2.82	0.00	0.00
2022.	8.	18.	20.	0.	0.00	0.00	0.99	0.00	0.00	20.84	20.84	69.51	1.58	2.78	0.00	0.00
2022.	8.	18.	20.	15.	0.00	0.00	1.00	0.00	0.00	20.61	20.61	70.14	1.64	2.89	0.00	0.00
2022.	8.	18.	20.	30.	0.00	0.00	1.00	0.00	0.00	20.21	20.21	71.54	1.84	3.56	0.00	0.00
2022.	8.	18.	20.	45.	0.00	0.00	1.00	0.00	0.00	19.78	19.78	73.60	2.01	4.76	0.00	0.00
2022.	8.	18.	21.	0.	0.00	0.00	1.00	0.00	0.00	19.52	19.52	74.70	2.34	5.20	0.00	0.00
2022.	8.	18.	21.	15.	0.00	0.00	0.38	0.00	0.00	19.09	19.09	76.18	2.04	4.89	0.00	0.00
2022.	8.	18.	21.	30.	0.00	0.00	0.38	0.00	0.00	18.63	18.63	77.69	1.78	4.62	0.00	0.00
2022.	8.	18.	21.	45.	0.00	0.00	0.38	0.00	0.00	18.34	18.34	78.19	1.67	4.35	0.00	0.00
2022.	8.	18.	22.	0.	0.00	0.00	0.38	0.00	0.00	18.54	18.54	76.77	1.37	4.10	0.00	0.00
2022.	8.	18.	22.	15.	0.00	0.00	0.00	0.00	0.00	18.62	18.62	75.95	1.10	3.97	0.00	0.00
2022.	8.	18.	22.	30.	0.00	0.00	0.00	0.00	0.00	18.52	18.52	75.82	0.92	3.87	0.00	0.00
2022.	8.	18.	22.	45.	0.00	0.00	0.00	0.00	0.00	18.52	18.52	75.36	0.82	3.70	0.00	0.00
2022.	8.	18.	23.	0.	0.00	0.00	0.00	0.00	0.00	18.54	18.54	74.95	0.77	3.49	0.00	0.00
2022.	8.	18.	23.	15.	0.00	0.00	0.00	0.00	0.00	18.36	18.36	75.50	0.68	3.35	0.00	0.00
2022.	8.	18.	23.	30.	0.00	0.00	0.00	0.00	0.00	18.13	18.13	76.32	0.55	3.26	0.00	0.00
2022.	8.	18.	23.	45.	0.00	0.00	0.00	0.00	0.00	17.97	17.97	76.86	0.44	3.20	0.00	0.00
2022.	8.	19.	0.	0.	0.00	0.00	0.00	0.00	0.00	17.83	17.83	77.39	0.36	3.07	0.00	0.00
2022.	8.	19.	0.	15.	0.00	0.00	0.00	0.00	0.00	17.69	17.69	77.93	0.27	2.85	0.00	0.00
2022.	8.	19.	0.	30.	0.00	0.00	0.00	0.00	0.00	17.55	17.55	78.44	0.34	2.64	0.00	0.00
2022.	8.	19.	0.	45.	0.00	0.00	0.00	0.00	0.00	17.32	17.32	79.25	0.41	2.48	0.00	0.00
2022.	8.	19.	1.	0.	0.00	0.00	0.00	0.00	0.00	16.86	16.86	81.16	0.58	2.25	0.00	0.00
2022.	8.	19.	1.	15.	0.00	0.00	0.00	0.00	0.00	16.52	16.52	82.46	0.89	1.95	0.00	0.00
2022.	8.	19.	1.	30.	0.00	0.00	0.00	0.00	0.00	16.33	16.33	82.82	1.23	1.62	0.00	0.00
2022.	8.	19.	1.	45.	0.00	0.00	0.00	0.00	0.00	15.64	15.64	85.84	1.39	1.35	0.00	0.00
2022.	8.	19.	2.	0.	0.00	0.00	0.00	0.00	0.00	15.56	15.56	86.17	1.59	1.07	0.00	0.00
2022.	8.	19.	2.	15.	0.00	0.00	0.00	0.00	0.00	15.51	15.51	86.17	1.83	0.75	0.00	0.00
2022.	8.	19.	2.	30.	0.00	0.00	0.00	0.00	0.00	15.36	15.36	86.78	2.02	0.45	0.00	0.00
2022.	8.	19.	2.	45.	0.00	0.00	0.00	0.00	0.00	15.20	15.20	87.56	2.15	0.30	0.00	0.00
2022.	8.	19.	3.	0.	0.00	0.00	0.00	0.00	0.00	15.07	15.07	88.14	2.17	0.38	0.00	0.00
2022.	8.	19.	3.	15.	0.00	0.00	1.00	0.00	0.00	14.99	14.99	88.50	2.05	0.55	0.00	0.00
2022.	8.	19.	3.	30.	0.00	0.00	1.00	0.00	0.00	14.92	14.92	88.91	1.89	0.71	0.00	0.00
2022.	8.	19.	3.	45.	0.00	0.00	1.00	0.00	0.00	14.93	14.93	88.77	1.76	0.84	0.00	0.00
2022.	8.	19.	4.	0.	0.00	0.00	1.00	0.00	0.00	14.91	14.91	88.86	1.67	0.90	0.00	0.00
2022.	8.	19.	4.	15.	0.00	0.00	1.00	0.00	0.00	14.87	14.87	89.45	1.67	0.90	0.00	0.00
2022.	8.	19.	4.	30.	0.00	0.00	1.00	0.00	0.00	14.92	14.92	89.49	1.87	0.94	0.00	0.00
2022.	8.	19.	4.	45.	0.00	0.00	1.00	0.00	0.00	14.96	14.96	90.09	2.05	1.13	0.00	0.00
2022.	8.	19.	5.	0.	0.00	0.00	1.00	0.00	0.00	15.04	15.04	90.31	2.19	1.44	0.00	0.00
2022.	8.	19.	5.	15.	29.95	108.64	1.00	0.00	0.00	15.03	15.03	91.16	2.24	1.71	0.00	0.00
2022.	8.	19.	5.	30.	29.95	108.64	1.00	0.00	0.00	15.07	15.07	91.66	2.21	1.90	0.00	0.00
2022.	8.	19.	5.	45.	79.94	228.34	1.00	0.00	0.00	15.47	15.47	91.37	1.79	2.01	0.00	0.00
2022.	8.	19.	6.	0.	91.05	251.74	1.00	0.00	0.00	16.30	16.30	90.19	1.36	2.18	0.00	0.00
2022.	8.	19.	6.	15.	127.30	323.32	1.00	0.00	0.00	16.96	16.96	88.94	1.20	2.55	0.00	0.00
2022.	8.	19.	6.	30.	153.77	371.64	1.00	0.00	0.00	17.58	17.58	86.78	1.29	3.14	0.00	0.00
2022.	8.	19.	6.	45.	178.12	418.41	1.00	0.00	0.01	18.13	18.13	84.16	1.43	3.28	0.00	0.00
2022.	8.	19.	7.	0.	200.61	463.81	1.00	0.00	0.04	18.64	18.64	81.53	1.53	3.25	0.00	0.00
2022.	8.	19.	7.	15.	248.24	531.66	1.00	0.00	0.02	19.09	19.09	79.51	1.41	3.27	0.00	0.00
2022.	8.	19.	7.	30.	289.10	576.36	1.00	0.00	0.01	19.60	19.60	76.41	1.62	2.70	0.00	0.00
2022.	8.	19.	7.	45.	329.73	619.05	1.00	0.00	0.00	20.07	20.07	74.44	1.36	2.19	0.00	0.00
2022.	8.	19.	8.	0.	370.16	659.98	1.00	0.00	0.00	20.57	20.57	72.35	1.19	1.87	0.00	0.00
2022.	8.	19.	8.	15.	427.71	719.48	1.00	0.00	0.00	20.96	20.96	70.13	1.46	2.16	0.00	0.00
2022.	8.	19.	8.	30.	468.26	757.50	1.00	0.00	0.00	21.35	21.35	68.40	1.56	2.27	0.00	0.00
2022.	8.	19.	8.	45.	508.26	793.21	0.84	0.00	0.00	21.62	21.62	67.38	1.99	2.84	0.00	0.00
2022.	8.	19.	9.	0.	547.79	826.87	0.54	0.00	0.00	21.84	21.84	66.49	2.06	2.93	0.00	0.00
2022.	8.	19.	9.	15.	597.66	873.96	0.28	0.00	0.00	22.10	22.10	65.38	1.81	2.56	0.00	0.00
2022.	8.	19.	9.	30.	623.61	902.73	0.22	0.00	0.00	22.37	22.37	64.27	1.66	2.32	0.00	0.00
2022.	8.	19.	9.	45.	646.03	929.01	0.21	0.00	0.00	22.62	22.62	62.60	1.99	2.73	0.00	0.00
2022.	8.	19.	10.	0.	665.38	953.12	0.24	0.00	0.00	22.98	22.98	60.68	2.13	2.96	0.00	0.00
2022.	8.	19.	10.	15.	676.10	984.59	0.37	0.01	0.00	23.37	23.37	59.06	2.14	3.01	0.02	0.00
2022.	8.	19.	10.	30.	674.11	1002.13	0.42	0.02	0.00	23.74	23.74	57.29	2.15	3.06	0.01	0.00
2022.	8.	19.	10.	45.	676.65	1017.20	0.49	0.02	0.00	24.11	24.11	55.64	2.20	3.14	0.03	0.00
2022.	8.	19.	11.	0.	683.15	1030.11	0.56	0.02	0.00	24.51	24.51	54.06	2.29	3.30	0.02	0.00
2022.	8.	19.	11.	15.	702.35	1043.82	0.37	0.02	0.00	24.92	24.92	52.85	2.50	3.67	0.04	0.00
2022.	8.	19.	11.	30.	709.91	1048.95	0.45	0.02	0.00	25.25	25.25	51.91	2.86	4.27	0.02	0.00
2022.	8.	19.	11.	45.	714.79	1051.78	0.51	0.02	0.00	25.31	25.31	51.75	3.20	4.80	0.03	0.00
2022.	8.	19.	12.	0.	717.34	1052.61	0.55	0.02	0.00	25.17	25.17	51.96	3.13	4.68	0.01	0.00
2022.	8.	19.	12.	15.	724.41	1047.62	0.40	0.02	0.00	25.20	25.20	51.95	2.83	4.20	0.03	0.00
2022.	8.	19.	12.	30.	723.81	1039.98	0.30	0.01	0.00	25.49	25.49	50.76	2.91	4.34	0.01	0.00
2022.	8.	19.	12.	45.	722.41	1030.38	0.19	0.01	0.00	25.64	25.64	49.03	3.23	4.82	0.01	0.00
2022.	8.	19.	13.	0.	720.32	1019.07	0.06	0.00	0.01	25.36	25.36	47.91	2.93	4.25	0.00	0.00
2022.	8.	19.	13.	15.	707.94	995.73	0.08	0.00	0.00	25.02	25.02	47.56	2.17	2.98	0.00	0.00
2022.	8.	19.	13.	30.	691.12	975.84	0.06	0.00	0.00	25.07	25.07	47.42	1.71	2.31	0.00	0.00
2022.	8.	19.	13.	45.	673.07	954.47	0.03	0.00	0.00	25.84	25.84	45.74	2.33	3.34	0.00	0.00
2022.	8.	19.	14.	0.	653.94	931.79	0.01	0.00	0.00	26.49	26.49	42.59	3.41	5.15	0.00	0.00
2022.	8.	19.	14.	15.	623.10	891.69	0.00	0.00	0.00	26.24	26.24	40.96	3.27	4.86	0.00	0.00
2022.	8.	19.	14.	30.	597.03	860.91	0.00	0.00	0.00	26.04	26.04	40.52	2.36	3.45	0.00	0.00
2022.	8.	19.	14.	45.	569.72	829.21	0.00	0.00	0.00	26.40	26.40	39.51	2.64	3.97	0.00	0.00
2022.	8.	19.	15.	0.	541.32	796.71	0.00	0.00	0.00	26.62	26.62	38.86	3.26	4.97	0.00	0.00
2022.	8.	19.	15.	15.	495.15	742.57	0.00	0.00	0.00	26.42	26.42	39.33	2.74	4.11	0.00	0.00
2022.	8.	19.	15.	30.	461.69	703.00	0.00	0.00	0.00	26.60	26.60	39.00	2.00	3.01	0.00	0.00
2022.	8.	19.	15.	45.	427.95	663.15	0.00	0.00	0.00	27.10	27.10	37.70	2.48	3.99	0.00	0.00
2022.	8.	19.	16.	0.	393.96	623.04	0.00	0.00	0.00	27.01	27.01	37.66	3.35	5.53	0.00	0.00
2022.	8.	19.	16.	15.	341.14	558.56	0.00	0.00	0.00	26.31	26.31	38.97	3.65	5.98	0.00	0.00
2022.	8.	19.	16.	30.	303.17	512.89	0.02	0.00	0.00	25.69	25.69	40.33	3.24	5.23	0.00	0.00
2022.	8.	19.	16.	45.	266.49	467.59	0.06	0.00	0.00	25.40	25.40	41.38	2.50	3.99	0.00	0.00
2022.	8.	19.	17.	0.	230.92	422.62	0.12	0.00	0.00	25.34	25.34	42.35	2.08	3.35	0.00	0.00
2022.	8.	19.	17.	15.	179.79	352.19	0.18	0.00	0.00	25.38	25.38	43.75	2.34	3.89	0.00	0.00
2022.	8.	19.	17.	30.	125.32	303.53	0.10	0.01	0.22	25.07	25.07	47.16	3.32	5.85	0.00	0.00
2022.	8.	19.	17.	45.	94.79	255.88	0.06	0.01	0.24	23.57	23.57	58.17	4.48	7.95	0.04	0.00
2022.	8.	19.	18.	0.	85.21	209.09	0.06	0.02	0.07	21.74	21.74	71.29	4.19	7.44	0.03	0.00
2022.	8.	19.	18.	15.	19.54	137.51	0.09	0.55	0.66	20.79	20.79	76.73	3.41	6.17	0.07	0.00
2022.	8.	19.	18.	30.	6.79	89.19	0.09	0.86	0.89	20.34	20.34	79.31	2.58	4.99	0.04	0.00
2022.	8.	19.	18.	45.	0.16	20.63	0.09	1.00	1.00	20.11	20.11	80.83	1.94	4.02	0.07	0.00
2022.	8.	19.	19.	0.	0.00	0.00	0.10	1.00	1.00	19.81	19.81	82.97	1.44	3.34	0.04	0.00
2022.	8.	19.	19.	15.	0.00	0.00	0.10	1.00	1.00	19.46	19.46	85.95	1.18	2.87	0.08	0.00
2022.	8.	19.	19.	30.	0.00	0.00	0.08	0.34	0.75	19.85	19.85	84.69	1.54	3.30	0.04	0.00
2022.	8.	19.	19.	45.	0.00	0.00	0.08	0.03	0.63	19.59	19.59	86.47	1.71	3.86	0.05	0.00
2022.	8.	19.	20.	0.	0.00	0.00	0.08	0.03	0.63	19.36	19.36	87.69	1.72	3.92	0.03	0.00
2022.	8.	19.	20.	15.	0.00	0.00	0.06	0.03	0.75	19.13	19.13	89.27	1.61	3.93	0.08	0.00
2022.	8.	19.	20.	30.	0.00	0.00	0.06	0.03	0.75	18.92	18.92	90.26	1.47	3.38	0.04	0.00
2022.	8.	19.	20.	45.	0.00	0.00	0.06	0.03	0.75	18.67	18.67	91.63	1.28	2.92	0.09	0.00
2022.	8.	19.	21.	0.	0.00	0.00	0.06	0.03	0.75	18.51	18.51	92.62	1.28	2.87	0.05	0.00
2022.	8.	19.	21.	15.	0.00	0.00	0.07	0.03	0.01	18.19	18.19	94.07	1.35	2.76	0.09	0.00
2022.	8.	19.	21.	30.	0.00	0.00	0.07	0.03	0.01	18.22	18.22	93.45	1.62	2.87	0.05	0.00
2022.	8.	19.	21.	45.	0.00	0.00	0.07	0.03	0.01	18.27	18.27	92.56	1.95	3.16	0.09	0.00
2022.	8.	19.	22.	0.	0.00	0.00	0.07	0.03	0.01	18.21	18.21	92.31	2.24	3.43	0.05	0.00
2022.	8.	19.	22.	15.	0.00	0.00	0.05	0.02	0.01	18.12	18.12	92.56	2.26	3.63	0.09	0.00
2022.	8.	19.	22.	30.	0.00	0.00	0.05	0.02	0.01	17.91	17.91	93.31	2.13	3.96	0.05	0.00
2022.	8.	19.	22.	45.	0.00	0.00	0.05	0.02	0.01	17.73	17.73	94.15	1.75	4.34	0.10	0.00
2022.	8.	19.	23.	0.	0.00	0.00	0.05	0.02	0.01	17.63	17.63	94.33	1.72	4.63	0.05	0.00
2022.	8.	19.	23.	15.	0.00	0.00	0.10	0.02	0.01	17.49	17.49	94.60	1.67	4.76	0.09	0.00
2022.	8.	19.	23.	30.	0.00	0.00	0.10	0.02	0.01	17.40	17.40	94.52	1.70	4.92	0.04	0.00
2022.	8.	19.	23.	45.	0.00	0.00	0.10	0.02	0.01	17.34	17.34	94.37	1.78	5.17	0.08	0.00
2022.	8.	20.	0.	0.	0.00	0.00	0.10	0.02	0.01	17.29	17.29	94.41	1.85	5.27	0.04	0.00
2022.	8.	20.	0.	15.	0.00	0.00	0.03	0.02	0.01	17.18	17.18	94.76	1.84	5.11	0.06	0.00
2022.	8.	20.	0.	30.	0.00	0.00	0.02	0.02	0.01	17.03	17.03	95.29	1.70	4.85	0.02	0.00
2022.	8.	20.	0.	45.	0.00	0.00	0.01	0.02	0.01	16.88	16.88	95.68	1.59	4.58	0.04	0.00
2022.	8.	20.	1.	0.	0.00	0.00	0.01	0.02	0.01	16.70	16.70	96.21	1.53	4.42	0.02	0.00
2022.	8.	20.	1.	15.	0.00	0.00	0.00	0.02	0.00	16.55	16.55	96.65	1.55	4.46	0.03	0.00
2022.	8.	20.	1.	30.	0.00	0.00	0.00	0.02	0.00	16.49	16.49	96.81	1.63	4.44	0.01	0.00
2022.	8.	20.	1.	45.	0.00	0.00	0.00	0.02	0.00	16.44	16.44	96.89	1.67	4.24	0.01	0.00
2022.	8.	20.	2.	0.	0.00	0.00	0.00	0.02	0.00	16.39	16.39	96.98	1.76	4.20	0.01	0.00
2022.	8.	20.	2.	15.	0.00	0.00	0.01	0.00	0.08	16.32	16.32	97.25	1.86	4.37	0.01	0.00
2022.	8.	20.	2.	30.	0.00	0.00	0.01	0.00	0.08	16.25	16.25	97.32	1.84	4.19	0.00	0.00
2022.	8.	20.	2.	45.	0.00	0.00	0.01	0.00	0.08	16.15	16.15	97.34	1.67	3.86	0.00	0.00
2022.	8.	20.	3.	0.	0.00	0.00	0.01	0.00	0.08	16.00	16.00	97.54	1.56	3.89	0.00	0.00
2022.	8.	20.	3.	15.	0.00	0.00	0.00	0.00	0.00	15.81	15.81	97.77	1.55	4.20	0.00	0.00
2022.	8.	20.	3.	30.	0.00	0.00	0.00	0.00	0.00	15.64	15.64	97.82	1.56	4.24	0.00	0.00
2022.	8.	20.	3.	45.	0.00	0.00	0.00	0.00	0.00	15.52	15.52	97.66	1.59	4.22	0.00	0.00
2022.	8.	20.	4.	0.	0.00	0.00	0.00	0.00	0.00	15.39	15.39	97.45	1.57	4.10	0.00	0.00
2022.	8.	20.	4.	15.	0.00	0.00	0.00	0.00	0.00	15.20	15.20	97.53	1.47	3.95	0.00	0.00
2022.	8.	20.	4.	30.	0.00	0.00	0.00	0.00	0.00	14.95	14.95	97.88	1.41	3.89	0.00	0.00
2022.	8.	20.	4.	45.	0.00	0.00	0.00	0.00	0.00	14.71	14.71	98.22	1.46	3.90	0.00	0.00
2022.	8.	20.	5.	0.	0.00	0.00	0.00	0.00	0.00	14.50	14.50	98.27	1.61	4.25	0.00	0.00
2022.	8.	20.	5.	15.	32.29	102.04	0.00	0.00	0.00	14.51	14.51	97.48	1.92	4.60	0.00	0.00
2022.	8.	20.	5.	30.	32.29	102.04	0.00	0.00	0.00	14.48	14.48	96.21	2.11	4.59	0.00	0.00
2022.	8.	20.	5.	45.	101.79	221.93	0.00	0.00	0.01	14.49	14.49	95.41	2.07	4.56	0.00	0.00
2022.	8.	20.	6.	0.	116.56	245.37	0.00	0.00	0.02	14.54	14.54	95.05	2.00	4.44	0.00	0.00
2022.	8.	20.	6.	15.	165.37	317.07	0.00	0.00	0.01	14.69	14.69	94.65	1.97	4.29	0.00	0.00
2022.	8.	20.	6.	30.	199.83	365.48	0.00	0.00	0.01	14.90	14.90	94.12	2.15	4.22	0.00	0.00
2022.	8.	20.	6.	45.	233.75	412.34	0.00	0.00	0.01	15.09	15.09	93.99	2.34	4.16	0.00	0.00
2022.	8.	20.	7.	0.	267.17	457.84	0.00	0.00	0.01	15.36	15.36	93.74	2.21	4.00	0.00	0.00
2022.	8.	20.	7.	15.	325.08	525.82	0.00	0.00	0.00	15.70	15.70	92.63	2.09	3.68	0.00	0.00
2022.	8.	20.	7.	30.	362.24	570.61	0.00	0.00	0.00	16.08	16.08	91.53	1.97	3.40	0.00	0.00
2022.	8.	20.	7.	45.	397.47	613.39	0.00	0.00	0.00	16.54	16.54	89.61	2.12	3.63	0.00	0.00
2022.	8.	20.	8.	0.	431.01	654.42	0.00	0.00	0.01	16.93	16.93	86.44	2.38	3.89	0.00	0.00
2022.	8.	20.	8.	15.	483.75	714.05	0.00	0.00	0.00	17.35	17.35	83.48	2.29	3.75	0.00	0.00
2022.	8.	20.	8.	30.	516.51	752.17	0.00	0.00	0.00	17.81	17.81	80.47	2.19	3.51	0.00	0.00
2022.	8.	20.	8.	45.	547.62	787.97	0.00	0.00	0.00	18.36	18.36	77.68	2.09	3.30	0.00	0.00
2022.	8.	20.	9.	0.	577.28	821.73	0.00	0.00	0.00	19.00	19.00	74.87	2.05	3.21	0.00	0.00
2022.	8.	20.	9.	15.	618.33	868.94	0.00	0.00	0.00	19.68	19.68	70.28	2.32	3.60	0.00	0.00
2022.	8.	20.	9.	30.	642.91	897.80	0.00	0.00	0.00	20.28	20.28	63.65	2.74	4.14	0.00	0.00
2022.	8.	20.	9.	45.	665.55	924.16	0.00	0.00	0.00	20.77	20.77	59.76	2.69	4.09	0.00	0.00
2022.	8.	20.	10.	0.	686.50	948.35	0.00	0.00	0.00	21.17	21.17	57.37	2.64	3.98	0.00	0.00
2022.	8.	20.	10.	15.	713.84	979.94	0.00	0.00	0.00	21.54	21.54	55.72	2.64	3.96	0.00	0.00
2022.	8.	20.	10.	30.	728.51	997.56	0.00	0.00	0.00	21.86	21.86	54.37	2.67	3.98	0.00	0.00
2022.	8.	20.	10.	45.	741.31	1012.70	0.00	0.00	0.00	22.09	22.09	53.13	2.77	4.07	0.00	0.00
2022.	8.	20.	11.	0.	752.48	1025.67	0.00	0.00	0.00	22.23	22.23	52.29	2.89	4.24	0.00	0.00
2022.	8.	20.	11.	15.	764.32	1039.47	0.00	0.00	0.00	22.36	22.36	51.77	2.98	4.39	0.00	0.00
2022.	8.	20.	11.	30.	767.32	1044.65	0.00	0.00	0.00	22.48	22.48	50.94	2.94	4.34	0.00	0.00
2022.	8.	20.	11.	45.	770.12	1047.54	0.00	0.00	0.00	22.62	22.62	49.78	2.83	4.16	0.00	0.00
2022.	8.	20.	12.	0.	772.74	1048.42	0.00	0.00	0.00	22.80	22.80	48.60	2.76	4.03	0.00	0.00
2022.	8.	20.	12.	15.	768.44	1043.49	0.00	0.00	0.00	23.04	23.04	47.45	2.75	4.00	0.00	0.00
2022.	8.	20.	12.	30.	761.69	1035.88	0.00	0.00	0.00	23.28	23.28	46.17	2.70	3.91	0.00	0.00
2022.	8.	20.	12.	45.	753.55	1026.31	0.00	0.00	0.00	23.58	23.58	44.48	2.63	3.83	0.00	0.00
2022.	8.	20.	13.	0.	744.21	1015.03	0.00	0.00	0.00	23.93	23.93	42.46	2.72	3.99	0.00	0.00
2022.	8.	20.	13.	15.	723.49	991.71	0.00	0.00	0.00	24.12	24.12	40.87	3.07	4.53	0.00	0.00
2022.	8.	20.	13.	30.	706.91	971.84	0.00	0.00	0.00	24.04	24.04	40.25	3.33	4.96	0.00	0.00
2022.	8.	20.	13.	45.	689.08	950.47	0.00	0.00	0.00	23.98	23.98	39.56	3.46	5.25	0.00	0.00
2022.	8.	20.	14.	0.	670.16	927.79	0.00	0.00	0.00	24.07	24.07	37.28	3.82	5.98	0.00	0.00
2022.	8.	20.	14.	15.	636.32	887.68	0.00	0.00	0.00	24.03	24.03	34.93	4.12	6.57	0.00	0.00
2022.	8.	20.	14.	30.	610.39	856.88	0.00	0.00	0.00	23.84	23.84	35.10	3.61	5.63	0.00	0.00
2022.	8.	20.	14.	45.	582.50	825.17	0.00	0.00	0.00	24.03	24.03	36.13	3.27	4.98	0.00	0.00
2022.	8.	20.	15.	0.	552.91	792.65	0.00	0.00	0.00	24.34	24.34	36.32	3.57	5.58	0.00	0.00
2022.	8.	20.	15.	15.	506.23	738.46	0.00	0.00	0.00	24.09	24.09	36.95	3.34	5.25	0.00	0.00
2022.	8.	20.	15.	30.	472.58	698.85	0.00	0.00	0.00	23.79	23.79	38.26	2.71	4.16	0.00	0.00
2022.	8.	20.	15.	45.	438.01	658.96	0.00	0.00	0.00	23.80	23.80	39.59	2.62	4.01	0.00	0.00
2022.	8.	20.	16.	0.	402.65	618.81	0.00	0.00	0.00	23.80	23.80	40.98	2.86	4.41	0.00	0.00
2022.	8.	20.	16.	15.	347.83	554.25	0.00	0.00	0.00	23.70	23.70	41.91	2.82	4.41	0.00	0.00
2022.	8.	20.	16.	30.	309.15	508.52	0.00	0.00	0.00	23.80	23.80	41.26	3.16	5.21	0.00	0.00
2022.	8.	20.	16.	45.	272.75	463.16	0.00	0.00	0.00	23.58	23.58	40.79	2.80	4.66	0.00	0.00
2022.	8.	20.	17.	0.	238.33	418.12	0.00	0.00	0.00	23.36	23.36	41.00	1.84	3.17	0.00	0.00
2022.	8.	20.	17.	15.	188.10	347.58	0.00	0.00	0.00	23.35	23.35	41.06	1.87	3.59	0.00	0.00
2022.	8.	20.	17.	30.	154.97	298.85	0.00	0.00	0.00	23.07	23.07	40.67	3.10	5.60	0.00	0.00
2022.	8.	20.	17.	45.	123.04	251.12	0.00	0.00	0.00	22.25	22.25	41.46	3.88	6.76	0.00	0.00
2022.	8.	20.	18.	0.	92.14	204.25	0.00	0.00	0.00	21.59	21.59	43.91	3.02	5.40	0.00	0.00
2022.	8.	20.	18.	15.	48.69	132.55	0.00	0.00	0.00	20.90	20.90	47.44	1.74	3.53	0.00	0.00
2022.	8.	20.	18.	30.	25.32	84.14	0.00	0.00	0.00	20.38	20.38	50.11	1.53	3.57	0.00	0.00
2022.	8.	20.	18.	45.	2.36	17.27	0.00	0.00	0.00	20.49	20.49	50.09	2.05	4.67	0.00	0.00
2022.	8.	20.	19.	0.	0.00	0.00	0.00	0.00	0.00	20.27	20.27	50.94	2.53	5.33	0.00	0.00
2022.	8.	20.	19.	15.	0.00	0.00	0.00	0.00	0.00	20.08	20.08	51.85	2.24	5.25	0.00	0.00
2022.	8.	20.	19.	30.	0.00	0.00	0.00	0.00	0.00	19.75	19.75	53.06	1.99	4.64	0.00	0.00
2022.	8.	20.	19.	45.	0.00	0.00	0.00	0.00	0.00	18.78	18.78	56.32	1.91	4.56	0.00	0.00
2022.	8.	20.	20.	0.	0.00	0.00	0.00	0.00	0.00	18.37	18.37	57.43	2.27	5.04	0.00	0.00
2022.	8.	20.	20.	15.	0.00	0.00	0.00	0.00	0.00	18.43	18.43	56.99	2.49	5.74	0.00	0.00
2022.	8.	20.	20.	30.	0.00	0.00	0.00	0.00	0.00	18.40	18.40	57.00	2.28	6.20	0.00	0.00
2022.	8.	20.	20.	45.	0.00	0.00	0.00	0.00	0.00	18.50	18.50	56.60	2.32	5.93	0.00	0.00
2022.	8.	20.	21.	0.	0.00	0.00	0.00	0.00	0.00	18.42	18.42	56.79	2.25	5.67	0.00	0.00
2022.	8.	20.	21.	15.	0.00	0.00	0.00	0.00	0.00	18.15	18.15	57.62	2.07	5.47	0.00	0.00
2022.	8.	20.	21.	30.	0.00	0.00	0.00	0.00	0.00	17.63	17.63	59.34	1.92	5.48	0.00	0.00
2022.	8.	20.	21.	45.	0.00	0.00	0.00	0.00	0.00	17.16	17.16	60.87	1.95	5.79	0.00	0.00
2022.	8.	20.	22.	0.	0.00	0.00	0.00	0.00	0.00	17.07	17.07	60.64	2.05	6.32	0.00	0.00
2022.	8.	20.	22.	15.	0.00	0.00	0.00	0.00	0.00	17.11	17.11	59.53	2.25	6.43	0.00	0.00
2022.	8.	20.	22.	30.	0.00	0.00	0.00	0.00	0.00	17.22	17.22	58.28	2.40	6.25	0.00	0.00
2022.	8.	20.	22.	45.	0.00	0.00	0.00	0.00	0.00	17.22	17.22	58.33	2.36	6.08	0.00	0.00
2022.	8.	20.	23.	0.	0.00	0.00	0.00	0.00	0.00	17.20	17.20	59.11	2.30	5.74	0.00	0.00
2022.	8.	20.	23.	15.	0.00	0.00	0.00	0.00	0.00	17.05	17.05	60.46	2.24	5.49	0.00	0.00
2022.	8.	20.	23.	30.	0.00	0.00	0.00	0.00	0.00	16.78	16.78	62.02	2.18	5.56	0.00	0.00
2022.	8.	20.	23.	45.	0.00	0.00	0.00	0.00	0.00	16.46	16.46	63.55	2.06	5.56	0.00	0.00
2022.	8.	21.	0.	0.	0.00	0.00	0.00	0.00	0.00	16.05	16.05	65.08	1.95	5.58	0.00	0.00
2022.	8.	21.	0.	15.	0.00	0.00	0.00	0.00	0.00	15.66	15.66	66.39	1.96	5.74	0.00	0.00
2022.	8.	21.	0.	30.	0.00	0.00	0.00	0.00	0.00	15.39	15.39	67.47	1.90	5.62	0.00	0.00
2022.	8.	21.	0.	45.	0.00	0.00	0.00	0.00	0.00	15.01	15.01	69.18	1.79	5.54	0.00	0.00
2022.	8.	21.	1.	0.	0.00	0.00	0.00	0.00	0.00	14.52	14.52	71.36	1.74	5.56	0.00	0.00
2022.	8.	21.	1.	15.	0.00	0.00	0.00	0.00	0.00	13.98	13.98	73.83	1.76	5.57	0.00	0.00
2022.	8.	21.	1.	30.	0.00	0.00	0.00	0.00	0.00	13.85	13.85	74.29	1.90	5.62	0.00	0.00
2022.	8.	21.	1.	45.	0.00	0.00	0.00	0.00	0.00	13.78	13.78	74.69	2.01	5.72	0.00	0.00
2022.	8.	21.	2.	0.	0.00	0.00	0.00	0.00	0.00	13.74	13.74	75.05	2.19	5.93	0.00	0.00
2022.	8.	21.	2.	15.	0.00	0.00	0.00	0.00	0.00	13.68	13.68	75.56	2.38	6.10	0.00	0.00
2022.	8.	21.	2.	30.	0.00	0.00	0.00	0.00	0.00	13.40	13.40	78.08	2.06	6.11	0.00	0.00
2022.	8.	21.	2.	45.	0.00	0.00	0.00	0.00	0.00	13.55	13.55	78.54	1.93	5.91	0.00	0.00
2022.	8.	21.	3.	0.	0.00	0.00	0.00	0.00	0.00	13.48	13.48	79.60	1.86	5.66	0.00	0.00
2022.	8.	21.	3.	15.	0.00	0.00	0.00	0.00	0.00	13.25	13.25	81.12	1.80	5.40	0.00	0.00
2022.	8.	21.	3.	30.	0.00	0.00	0.00	0.00	0.00	12.88	12.88	83.18	1.76	5.33	0.00	0.00
2022.	8.	21.	3.	45.	0.00	0.00	0.00	0.00	0.00	12.41	12.41	85.63	1.82	5.39	0.00	0.00
2022.	8.	21.	4.	0.	0.00	0.00	0.00	0.00	0.00	12.21	12.21	86.71	1.85	5.49	0.00	0.00
2022.	8.	21.	4.	15.	0.00	0.00	0.01	0.00	0.00	12.21	12.21	86.79	1.87	5.55	0.00	0.00
2022.	8.	21.	4.	30.	0.00	0.00	0.01	0.00	0.00	12.28	12.28	86.74	1.89	5.55	0.00	0.00
2022.	8.	21.	4.	45.	0.00	0.00	0.01	0.00	0.00	12.28	12.28	87.13	1.87	5.54	0.00	0.00
2022.	8.	21.	5.	0.	0.00	0.00	0.01	0.00	0.00	12.18	12.18	88.14	1.81	5.56	0.00	0.00
2022.	8.	21.	5.	15.	29.80	95.34	0.00	0.00	0.00	12.20	12.20	88.72	1.68	5.60	0.00	0.00
2022.	8.	21.	5.	30.	29.80	95.34	0.00	0.00	0.00	12.33	12.33	88.73	1.64	5.52	0.00	0.00
2022.	8.	21.	5.	45.	100.17	215.42	0.00	0.00	0.00	12.65	12.65	88.29	1.59	5.34	0.00	0.00
2022.	8.	21.	6.	0.	115.46	238.90	0.00	0.00	0.00	13.09	13.09	87.27	1.61	4.96	0.00	0.00
2022.	8.	21.	6.	15.	164.40	310.73	0.00	0.00	0.00	13.61	13.61	86.24	1.58	4.52	0.00	0.00
2022.	8.	21.	6.	30.	198.89	359.23	0.00	0.00	0.00	14.20	14.20	84.88	1.60	3.96	0.00	0.00
2022.	8.	21.	6.	45.	232.72	406.17	0.06	0.00	0.00	14.86	14.86	83.27	1.67	3.27	0.00	0.00
2022.	8.	21.	7.	0.	265.96	451.75	0.17	0.00	0.00	15.45	15.45	81.82	1.64	2.78	0.00	0.00
2022.	8.	21.	7.	15.	311.10	519.87	0.83	0.00	0.00	16.04	16.04	80.22	1.63	2.84	0.00	0.00
2022.	8.	21.	7.	30.	342.54	564.76	0.95	0.00	0.00	16.68	16.68	78.46	1.91	3.11	0.00	0.00
2022.	8.	21.	7.	45.	376.20	607.64	1.00	0.00	0.00	17.29	17.29	76.79	1.96	3.06	0.00	0.00
2022.	8.	21.	8.	0.	411.81	648.75	1.00	0.00	0.00	17.89	17.89	74.85	1.84	2.85	0.00	0.00
2022.	8.	21.	8.	15.	469.70	708.53	0.57	0.00	0.00	18.44	18.44	72.45	1.93	2.95	0.00	0.00
2022.	8.	21.	8.	30.	493.83	746.74	0.36	0.00	0.00	18.89	18.89	69.30	2.33	3.44	0.00	0.00
2022.	8.	21.	8.	45.	511.82	782.63	0.52	0.00	0.00	19.34	19.34	66.33	2.40	3.57	0.00	0.00
2022.	8.	21.	9.	0.	524.44	816.48	1.00	0.00	0.00	19.73	19.73	64.29	2.38	3.55	0.00	0.00
2022.	8.	21.	9.	15.	544.09	863.83	1.00	0.01	0.00	20.07	20.07	62.64	2.30	3.43	0.00	0.00
2022.	8.	21.	9.	30.	552.76	892.77	1.00	0.01	0.00	20.36	20.36	61.49	2.19	3.24	0.00	0.00
2022.	8.	21.	9.	45.	550.28	919.22	1.00	0.07	0.00	20.62	20.62	60.58	2.12	3.10	0.00	0.00
2022.	8.	21.	10.	0.	538.02	943.49	1.00	0.17	0.00	20.79	20.79	59.51	2.15	3.11	0.00	0.00
2022.	8.	21.	10.	15.	506.76	975.20	1.00	0.61	0.00	20.88	20.88	57.79	2.30	3.27	0.00	0.00
2022.	8.	21.	10.	30.	507.65	992.89	1.00	0.81	0.00	21.00	21.00	55.98	2.39	3.39	0.00	0.00
2022.	8.	21.	10.	45.	518.48	1008.10	1.00	0.93	0.00	21.17	21.17	54.63	2.37	3.37	0.00	0.00
2022.	8.	21.	11.	0.	538.03	1021.14	1.00	1.00	0.00	21.39	21.39	53.45	2.30	3.27	0.00	0.00
2022.	8.	21.	11.	15.	579.37	1035.04	1.00	0.78	0.00	21.63	21.63	52.47	2.24	3.17	0.00	0.00
2022.	8.	21.	11.	30.	610.49	1040.28	1.00	0.55	0.00	21.87	21.87	51.62	2.19	3.06	0.00	0.00
2022.	8.	21.	11.	45.	617.56	1043.22	1.00	0.41	0.00	22.09	22.09	50.82	2.16	2.99	0.00	0.00
2022.	8.	21.	12.	0.	603.61	1044.14	1.00	0.35	0.00	22.24	22.24	50.13	2.14	2.96	0.00	0.00
2022.	8.	21.	12.	15.	627.20	1039.28	1.00	0.43	0.00	22.42	22.42	49.32	2.11	2.90	0.00	0.00
2022.	8.	21.	12.	30.	638.54	1031.71	0.88	0.47	0.00	22.57	22.57	48.62	2.02	2.76	0.00	0.00
2022.	8.	21.	12.	45.	647.32	1022.17	0.73	0.47	0.00	22.68	22.68	48.05	1.97	2.65	0.00	0.00
2022.	8.	21.	13.	0.	653.86	1010.92	0.55	0.44	0.00	22.74	22.74	47.53	2.01	2.67	0.00	0.00
2022.	8.	21.	13.	15.	638.54	987.63	0.58	0.42	0.00	22.77	22.77	46.98	2.13	2.83	0.00	0.00
2022.	8.	21.	13.	30.	621.88	967.77	0.61	0.40	0.00	22.85	22.85	46.35	2.25	3.04	0.00	0.00
2022.	8.	21.	13.	45.	604.29	946.40	0.62	0.37	0.00	22.95	22.95	45.68	2.40	3.31	0.00	0.00
2022.	8.	21.	14.	0.	585.88	923.73	0.63	0.35	0.00	23.02	23.02	44.89	2.57	3.61	0.00	0.00
2022.	8.	21.	14.	15.	549.53	883.61	0.66	0.31	0.00	22.99	22.99	44.14	2.70	3.82	0.00	0.00
2022.	8.	21.	14.	30.	523.30	852.80	0.70	0.29	0.00	22.91	22.91	43.30	2.63	3.73	0.00	0.00
2022.	8.	21.	14.	45.	494.70	821.07	0.75	0.26	0.00	22.83	22.83	42.62	2.38	3.34	0.00	0.00
2022.	8.	21.	15.	0.	464.03	788.53	0.83	0.22	0.00	22.85	22.85	42.08	2.13	2.97	0.00	0.00
2022.	8.	21.	15.	15.	390.83	734.30	1.00	0.26	0.00	22.89	22.89	42.08	2.04	2.85	0.00	0.00
2022.	8.	21.	15.	30.	336.22	694.66	1.00	0.39	0.00	22.92	22.92	42.36	2.08	2.95	0.00	0.00
2022.	8.	21.	15.	45.	288.69	654.72	1.00	0.58	0.00	22.95	22.95	42.96	2.28	3.37	0.00	0.00
2022.	8.	21.	16.	0.	247.35	614.53	1.00	0.84	0.00	22.89	22.89	44.02	2.58	4.03	0.00	0.00
2022.	8.	21.	16.	15.	203.28	549.89	1.00	1.00	0.00	22.62	22.62	45.59	2.90	4.71	0.01	0.00
2022.	8.	21.	16.	30.	183.09	504.11	1.00	1.00	0.00	22.22	22.22	47.46	3.04	5.05	0.00	0.00
2022.	8.	21.	16.	45.	166.60	458.68	0.95	0.96	0.00	21.82	21.82	50.41	3.01	5.06	0.01	0.00
2022.	8.	21.	17.	0.	153.36	413.58	0.87	0.87	0.00	21.39	21.39	54.52	3.03	5.17	0.01	0.00
2022.	8.	21.	17.	15.	115.25	342.94	1.00	0.26	0.00	20.85	20.85	57.66	3.04	5.22	0.01	0.00
2022.	8.	21.	17.	30.	104.70	294.13	1.00	0.08	0.00	20.49	20.49	57.52	2.87	4.94	0.00	0.00
2022.	8.	21.	17.	45.	95.90	246.32	0.65	0.00	0.00	20.26	20.26	56.45	2.68	4.67	0.00	0.00
2022.	8.	21.	18.	0.	88.65	199.38	0.00	0.00	0.00	20.04	20.04	55.91	2.43	4.40	0.00	0.00
2022.	8.	21.	18.	15.	46.03	127.55	0.01	0.00	0.00	19.54	19.54	57.29	2.16	4.07	0.00	0.00
2022.	8.	21.	18.	30.	46.03	127.55	0.01	0.00	0.00	18.85	18.85	60.36	1.88	3.89	0.00	0.00
2022.	8.	21.	18.	45.	1.70	13.88	0.00	0.00	0.00	18.47	18.47	60.97	1.61	3.63	0.00	0.00
2022.	8.	21.	19.	0.	0.00	0.00	0.00	0.00	0.00	18.47	18.47	60.17	1.30	3.37	0.00	0.00
2022.	8.	21.	19.	15.	0.00	0.00	0.00	0.00	0.00	18.48	18.48	59.76	0.94	3.13	0.00	0.00
2022.	8.	21.	19.	30.	0.00	0.00	0.00	0.00	0.00	18.52	18.52	59.41	0.52	2.87	0.00	0.00
2022.	8.	21.	19.	45.	0.00	0.00	0.00	0.00	0.00	18.27	18.27	60.14	0.50	2.52	0.00	0.00
2022.	8.	21.	20.	0.	0.00	0.00	0.00	0.00	0.00	17.85	17.85	61.27	1.14	2.08	0.00	0.00
2022.	8.	21.	20.	15.	0.00	0.00	0.00	0.00	0.00	17.28	17.28	62.81	1.79	1.60	0.00	0.00
2022.	8.	21.	20.	30.	0.00	0.00	0.00	0.00	0.00	16.69	16.69	64.58	2.20	1.15	0.00	0.00
2022.	8.	21.	20.	45.	0.00	0.00	0.00	0.00	0.00	16.13	16.13	66.22	2.37	0.85	0.00	0.00
2022.	8.	21.	21.	0.	0.00	0.00	0.00	0.00	0.00	15.29	15.29	70.10	2.16	0.61	0.00	0.00
2022.	8.	21.	21.	15.	0.00	0.00	0.00	0.00	0.00	15.49	15.49	68.85	2.21	0.52	0.00	0.00
2022.	8.	21.	21.	30.	0.00	0.00	0.00	0.00	0.00	15.71	15.71	67.69	2.18	0.56	0.00	0.00
2022.	8.	21.	21.	45.	0.00	0.00	0.00	0.00	0.00	15.80	15.80	67.11	2.17	0.65	0.00	0.00
2022.	8.	21.	22.	0.	0.00	0.00	0.00	0.00	0.00	15.77	15.77	66.79	2.23	0.72	0.00	0.00
2022.	8.	21.	22.	15.	0.00	0.00	0.00	0.00	0.00	15.66	15.66	66.83	2.22	0.78	0.00	0.00
2022.	8.	21.	22.	30.	0.00	0.00	0.00	0.00	0.00	15.57	15.57	66.96	2.12	0.90	0.00	0.00
2022.	8.	21.	22.	45.	0.00	0.00	0.00	0.00	0.00	15.43	15.43	67.41	2.00	1.05	0.00	0.00
2022.	8.	21.	23.	0.	0.00	0.00	0.00	0.00	0.00	15.15	15.15	68.80	2.01	1.15	0.00	0.00
2022.	8.	21.	23.	15.	0.00	0.00	0.00	0.00	0.00	14.94	14.94	69.53	1.93	1.08	0.00	0.00
2022.	8.	21.	23.	30.	0.00	0.00	0.00	0.00	0.00	14.82	14.82	69.99	1.77	0.75	0.00	0.00
2022.	8.	21.	23.	45.	0.00	0.00	0.00	0.00	0.00	14.67	14.67	70.66	1.96	0.52	0.00	0.00
2022.	8.	22.	0.	0.	0.00	0.00	0.00	0.00	0.00	14.50	14.50	71.58	2.33	1.00	0.00	0.00
2022.	8.	22.	0.	15.	0.00	0.00	0.00	0.00	0.00	14.24	14.24	72.79	2.59	1.57	0.00	0.00
2022.	8.	22.	0.	30.	0.00	0.00	0.00	0.00	0.00	14.01	14.01	73.76	2.56	1.87	0.00	0.00
2022.	8.	22.	0.	45.	0.00	0.00	0.00	0.00	0.00	13.85	13.85	74.37	2.39	1.95	0.00	0.00
2022.	8.	22.	1.	0.	0.00	0.00	0.00	0.00	0.00	13.79	13.79	74.46	2.21	1.97	0.00	0.00
2022.	8.	22.	1.	15.	0.00	0.00	0.00	0.00	0.00	13.58	13.58	74.84	1.88	1.88	0.00	0.00
2022.	8.	22.	1.	30.	0.00	0.00	0.00	0.00	0.00	13.32	13.32	75.24	1.50	1.64	0.00	0.00
2022.	8.	22.	1.	45.	0.00	0.00	0.00	0.00	0.00	12.96	12.96	75.66	1.36	1.34	0.00	0.00
2022.	8.	22.	2.	0.	0.00	0.00	0.00	0.00	0.00	12.79	12.79	75.64	1.43	1.09	0.00	0.00
2022.	8.	22.	2.	15.	0.00	0.00	0.00	0.00	0.00	12.80	12.80	75.25	1.53	0.89	0.00	0.00
2022.	8.	22.	2.	30.	0.00	0.00	0.00	0.00	0.00	12.82	12.82	75.00	1.64	0.73	0.00	0.00
2022.	8.	22.	2.	45.	0.00	0.00	0.00	0.00	0.00	12.88	12.88	74.67	1.74	0.69	0.00	0.00
2022.	8.	22.	3.	0.	0.00	0.00	0.00	0.00	0.00	12.77	12.77	75.18	1.83	0.79	0.00	0.00
2022.	8.	22.	3.	15.	0.00	0.00	0.00	0.00	0.00	12.65	12.65	75.78	1.91	0.97	0.00	0.00
2022.	8.	22.	3.	30.	0.00	0.00	0.00	0.00	0.00	12.56	12.56	76.16	1.95	1.13	0.00	0.00
2022.	8.	22.	3.	45.	0.00	0.00	0.00	0.00	0.00	12.41	12.41	76.94	1.98	1.26	0.00	0.00
2022.	8.	22.	4.	0.	0.00	0.00	0.00	0.00	0.00	12.38	12.38	76.97	1.99	1.37	0.00	0.00
2022.	8.	22.	4.	15.	0.00	0.00	0.00	0.00	0.00	12.30	12.30	77.54	1.91	1.59	0.00	0.00
2022.	8.	22.	4.	30.	0.00	0.00	0.00	0.00	0.00	12.25	12.25	77.61	1.85	1.87	0.00	0.00
2022.	8.	22.	4.	45.	0.00	0.00	0.00	0.00	0.00	12.36	12.36	77.14	1.87	2.17	0.00	0.00
2022.	8.	22.	5.	0.	0.00	0.00	0.00	0.00	0.00	12.37	12.37	77.26	1.88	2.56	0.00	0.00
2022.	8.	22.	5.	15.	26.06	88.53	0.00	0.00	0.00	12.35	12.35	77.80	1.85	2.94	0.00	0.00
2022.	8.	22.	5.	30.	26.06	88.53	0.00	0.00	0.00	12.43	12.43	78.04	1.84	3.19	0.00	0.00
2022.	8.	22.	5.	45.	94.86	208.80	0.00	0.00	0.00	12.38	12.38	80.80	1.69	3.37	0.00	0.00
2022.	8.	22.	6.	0.	109.96	232.32	0.00	0.00	0.00	12.63	12.63	82.83	1.45	3.58	0.00	0.00
2022.	8.	22.	6.	15.	158.69	304.28	0.00	0.00	0.00	13.38	13.38	81.29	1.10	3.78	0.00	0.00
2022.	8.	22.	6.	30.	193.01	352.86	0.00	0.00	0.00	14.16	14.16	79.20	0.78	3.91	0.00	0.00
2022.	8.	22.	6.	45.	227.24	399.90	0.00	0.00	0.00	15.01	15.01	74.70	0.73	3.82	0.00	0.00
2022.	8.	22.	7.	0.	261.39	445.56	0.00	0.00	0.00	15.82	15.82	70.68	0.82	3.45	0.00	0.00
2022.	8.	22.	7.	15.	317.34	513.83	0.00	0.00	0.00	16.56	16.56	67.66	0.88	2.83	0.00	0.00
2022.	8.	22.	7.	30.	354.70	558.81	0.00	0.00	0.00	17.28	17.28	65.59	0.71	2.42	0.00	0.00
2022.	8.	22.	7.	45.	390.56	601.78	0.00	0.00	0.00	18.14	18.14	62.55	0.79	2.05	0.00	0.00
2022.	8.	22.	8.	0.	425.09	642.98	0.00	0.00	0.00	18.88	18.88	59.23	0.97	1.46	0.00	0.00
2022.	8.	22.	8.	15.	475.69	702.90	0.00	0.00	0.00	19.49	19.49	57.38	0.67	0.97	0.00	0.00
2022.	8.	22.	8.	30.	508.25	741.21	0.00	0.00	0.00	20.14	20.14	54.60	0.60	1.00	0.00	0.00
2022.	8.	22.	8.	45.	538.92	777.19	0.00	0.00	0.00	20.60	20.60	51.27	0.74	0.97	0.00	0.00
2022.	8.	22.	9.	0.	567.94	811.13	0.00	0.00	0.00	20.94	20.94	50.13	0.53	0.68	0.00	0.00
2022.	8.	22.	9.	15.	608.71	858.62	0.00	0.00	0.00	21.29	21.29	48.39	0.48	0.63	0.00	0.00
2022.	8.	22.	9.	30.	633.73	887.65	0.00	0.00	0.00	21.45	21.45	46.34	0.56	0.70	0.00	0.00
2022.	8.	22.	9.	45.	655.02	914.18	0.05	0.00	0.00	21.74	21.74	45.13	0.58	0.71	0.00	0.00
2022.	8.	22.	10.	0.	673.04	938.54	0.13	0.00	0.00	21.92	21.92	44.24	0.71	0.85	0.00	0.00
2022.	8.	22.	10.	15.	677.10	970.36	0.82	0.00	0.00	22.10	22.10	43.45	0.80	0.94	0.00	0.00
2022.	8.	22.	10.	30.	678.74	988.13	0.94	0.00	0.00	22.39	22.39	42.88	0.86	1.00	0.00	0.00
2022.	8.	22.	10.	45.	679.03	1003.42	1.00	0.00	0.00	22.71	22.71	42.50	0.96	1.13	0.00	0.00
2022.	8.	22.	11.	0.	678.14	1016.53	1.00	0.00	0.00	23.01	23.01	42.08	1.13	1.32	0.00	0.00
2022.	8.	22.	11.	15.	676.12	1030.52	1.00	0.00	0.00	23.30	23.30	41.47	1.35	1.60	0.00	0.00
2022.	8.	22.	11.	30.	670.28	1035.82	1.00	0.00	0.00	23.58	23.58	40.71	1.61	1.93	0.00	0.00
2022.	8.	22.	11.	45.	661.91	1038.82	1.00	0.00	0.00	23.86	23.86	39.89	1.79	2.19	0.00	0.00
2022.	8.	22.	12.	0.	651.32	1039.79	1.00	0.00	0.00	24.11	24.11	39.22	1.90	2.36	0.00	0.00
2022.	8.	22.	12.	15.	633.60	1035.00	1.00	0.00	0.00	24.29	24.29	38.81	1.92	2.42	0.00	0.00
2022.	8.	22.	12.	30.	622.65	1027.46	1.00	0.00	0.00	24.42	24.42	38.73	1.88	2.36	0.00	0.00
2022.	8.	22.	12.	45.	605.19	1017.96	1.00	0.00	0.02	24.55	24.55	38.80	1.90	2.34	0.00	0.00
2022.	8.	22.	13.	0.	582.04	1006.73	1.00	0.00	0.06	24.73	24.73	38.83	2.11	2.65	0.00	0.00
2022.	8.	22.	13.	15.	606.60	983.48	1.00	0.00	0.00	24.95	24.95	38.73	2.35	3.02	0.00	0.00
2022.	8.	22.	13.	30.	539.61	963.63	0.82	0.00	0.18	25.06	25.06	38.74	2.56	3.34	0.00	0.00
2022.	8.	22.	13.	45.	381.05	942.28	0.79	0.00	0.52	24.91	24.91	39.32	2.44	3.22	0.00	0.00
2022.	8.	22.	14.	0.	142.36	919.61	0.89	0.00	1.00	24.28	24.28	41.12	1.77	2.38	0.00	0.00
2022.	8.	22.	14.	15.	218.72	879.48	0.59	0.00	0.82	24.23	24.23	41.74	1.20	1.55	0.00	0.00
2022.	8.	22.	14.	30.	143.53	848.67	0.23	0.00	0.94	24.24	24.24	42.16	1.22	1.57	0.00	0.00
2022.	8.	22.	14.	45.	99.53	816.92	0.39	0.00	1.00	24.19	24.19	42.74	1.38	1.97	0.00	0.00
2022.	8.	22.	15.	0.	82.81	784.36	1.00	0.00	1.00	24.12	24.12	43.17	1.59	2.27	0.00	0.00
2022.	8.	22.	15.	15.	62.30	730.10	1.00	0.13	1.00	23.88	23.88	44.66	2.30	3.28	0.00	0.00
2022.	8.	22.	15.	30.	66.99	690.41	0.86	0.04	1.00	23.85	23.85	44.51	2.85	4.69	0.00	0.00
2022.	8.	22.	15.	45.	141.33	650.44	0.52	0.00	0.77	24.02	24.02	43.27	2.95	5.14	0.00	0.00
2022.	8.	22.	16.	0.	276.62	610.21	0.00	0.00	0.34	24.49	24.49	41.69	2.70	4.81	0.00	0.00
2022.	8.	22.	16.	15.	268.65	545.50	0.00	0.00	0.23	24.57	24.57	41.20	2.62	4.54	0.00	0.00
2022.	8.	22.	16.	30.	272.51	499.65	0.00	0.00	0.09	24.61	24.61	41.39	2.83	4.91	0.00	0.00
2022.	8.	22.	16.	45.	258.51	454.17	0.00	0.00	0.02	24.61	24.61	42.01	2.74	4.82	0.00	0.00
2022.	8.	22.	17.	0.	228.89	409.00	0.01	0.00	0.00	24.56	24.56	42.59	2.19	3.81	0.00	0.00
2022.	8.	22.	17.	15.	179.28	338.26	0.00	0.00	0.00	24.50	24.50	42.72	1.68	2.84	0.00	0.00
2022.	8.	22.	17.	30.	146.01	289.38	0.00	0.00	0.00	24.41	24.41	43.03	1.47	2.58	0.00	0.00
2022.	8.	22.	17.	45.	112.62	241.49	0.00	0.06	0.00	24.11	24.11	44.58	1.47	2.85	0.00	0.00
2022.	8.	22.	18.	0.	79.14	194.47	0.00	0.17	0.00	23.56	23.56	46.81	1.51	3.12	0.00	0.00
2022.	8.	22.	18.	15.	33.60	122.52	0.00	0.69	0.00	23.37	23.37	47.13	1.42	2.93	0.00	0.00
2022.	8.	22.	18.	30.	33.60	122.52	0.00	0.69	0.00	23.24	23.24	47.07	1.31	2.70	0.00	0.00
2022.	8.	22.	18.	45.	1.20	10.47	0.00	0.61	0.00	23.12	23.12	47.14	1.67	3.15	0.00	0.00
2022.	8.	22.	19.	0.	0.00	0.00	0.00	0.37	0.00	22.81	22.81	47.03	2.44	4.29	0.00	0.00
2022.	8.	22.	19.	15.	0.00	0.00	0.00	0.48	0.00	22.22	22.22	48.00	2.23	5.49	0.00	0.00
2022.	8.	22.	19.	30.	0.00	0.00	0.00	0.48	0.00	22.12	22.12	47.71	2.24	5.46	0.00	0.00
2022.	8.	22.	19.	45.	0.00	0.00	0.00	0.48	0.00	21.85	21.85	47.87	1.83	4.53	0.00	0.00
2022.	8.	22.	20.	0.	0.00	0.00	0.00	0.48	0.00	21.49	21.49	48.57	1.45	3.96	0.00	0.00
2022.	8.	22.	20.	15.	0.00	0.00	0.00	0.06	0.00	21.69	21.69	47.42	1.34	3.88	0.00	0.00
2022.	8.	22.	20.	30.	0.00	0.00	0.00	0.06	0.00	21.89	21.89	45.89	1.68	4.17	0.00	0.00
2022.	8.	22.	20.	45.	0.00	0.00	0.00	0.06	0.00	21.74	21.74	45.49	1.99	4.92	0.00	0.00
2022.	8.	22.	21.	0.	0.00	0.00	0.00	0.06	0.00	21.48	21.48	45.48	2.07	5.22	0.00	0.00
2022.	8.	22.	21.	15.	0.00	0.00	0.00	0.53	0.00	21.12	21.12	46.06	2.10	5.31	0.00	0.00
2022.	8.	22.	21.	30.	0.00	0.00	0.00	0.53	0.00	20.79	20.79	46.77	2.32	5.55	0.00	0.00
2022.	8.	22.	21.	45.	0.00	0.00	0.00	0.53	0.00	20.08	20.08	48.85	2.24	5.82	0.00	0.00
2022.	8.	22.	22.	0.	0.00	0.00	0.00	0.53	0.00	20.04	20.04	49.11	2.26	5.97	0.00	0.00
2022.	8.	22.	22.	15.	0.00	0.00	0.00	0.63	0.00	19.98	19.98	49.42	2.02	6.57	0.00	0.00
2022.	8.	22.	22.	30.	0.00	0.00	0.00	0.63	0.00	20.57	20.57	47.61	2.52	6.91	0.00	0.00
2022.	8.	22.	22.	45.	0.00	0.00	0.00	0.63	0.00	20.90	20.90	46.48	1.95	5.72	0.00	0.00
2022.	8.	22.	23.	0.	0.00	0.00	0.00	0.63	0.00	20.76	20.76	46.86	1.74	4.91	0.00	0.00
2022.	8.	22.	23.	15.	0.00	0.00	0.00	0.00	0.00	20.28	20.28	48.29	1.81	4.98	0.00	0.00
2022.	8.	22.	23.	30.	0.00	0.00	0.00	0.00	0.00	19.76	19.76	49.80	1.55	4.34	0.00	0.00
2022.	8.	22.	23.	45.	0.00	0.00	0.00	0.00	0.00	19.38	19.38	50.96	1.58	3.66	0.00	0.00
2022.	8.	23.	0.	0.	0.00	0.00	0.00	0.00	0.00	19.01	19.01	51.99	2.07	4.02	0.00	0.00
2022.	8.	23.	0.	15.	0.00	0.00	0.00	0.01	0.00	18.78	18.78	52.25	2.40	4.68	0.00	0.00
2022.	8.	23.	0.	30.	0.00	0.00	0.00	0.01	0.00	18.83	18.83	51.43	2.16	3.33	0.00	0.00
2022.	8.	23.	0.	45.	0.00	0.00	0.00	0.01	0.00	18.41	18.41	52.53	2.39	3.67	0.00	0.00
2022.	8.	23.	1.	0.	0.00	0.00	0.00	0.01	0.00	18.30	18.30	53.06	2.58	4.24	0.00	0.00
2022.	8.	23.	1.	15.	0.00	0.00	0.00	0.22	0.00	17.87	17.87	56.07	2.89	6.20	0.00	0.00
2022.	8.	23.	1.	30.	0.00	0.00	0.00	0.22	0.00	17.96	17.96	58.33	2.83	6.51	0.00	0.00
2022.	8.	23.	1.	45.	0.00	0.00	0.00	0.22	0.00	17.84	17.84	60.45	3.16	6.88	0.00	0.00
2022.	8.	23.	2.	0.	0.00	0.00	0.00	0.22	0.00	17.78	17.78	61.70	2.81	6.12	0.00	0.00
2022.	8.	23.	2.	15.	0.00	0.00	0.00	0.72	0.00	17.77	17.77	62.40	2.36	4.95	0.00	0.00
2022.	8.	23.	2.	30.	0.00	0.00	0.00	0.72	0.00	17.75	17.75	63.14	2.04	4.35	0.00	0.00
2022.	8.	23.	2.	45.	0.00	0.00	0.00	0.72	0.00	17.60	17.60	64.24	1.78	4.25	0.00	0.00
2022.	8.	23.	3.	0.	0.00	0.00	0.00	0.72	0.00	17.31	17.31	65.75	1.53	4.14	0.00	0.00
2022.	8.	23.	3.	15.	0.00	0.00	0.00	0.82	0.00	16.93	16.93	67.57	1.37	4.27	0.00	0.00
2022.	8.	23.	3.	30.	0.00	0.00	0.00	0.82	0.00	16.58	16.58	69.21	1.49	4.00	0.00	0.00
2022.	8.	23.	3.	45.	0.00	0.00	0.00	0.82	0.00	16.50	16.50	69.70	1.72	3.89	0.00	0.00
2022.	8.	23.	4.	0.	0.00	0.00	0.00	0.82	0.00	16.63	16.63	69.38	1.72	4.00	0.00	0.00
2022.	8.	23.	4.	15.	0.00	0.00	0.00	0.98	0.00	16.71	16.71	69.33	1.64	4.01	0.00	0.00
2022.	8.	23.	4.	30.	0.00	0.00	0.00	0.98	0.00	16.69	16.69	69.80	1.28	3.63	0.00	0.00
2022.	8.	23.	4.	45.	0.00	0.00	0.00	0.98	0.00	16.74	16.74	69.87	1.09	2.93	0.00	0.00
2022.	8.	23.	5.	0.	0.00	0.00	0.00	0.98	0.00	16.63	16.63	70.65	1.37	2.66	0.00	0.00
2022.	8.	23.	5.	15.	2.41	81.63	0.00	1.00	0.64	16.69	16.69	70.95	1.37	2.60	0.00	0.00
2022.	8.	23.	5.	30.	2.41	81.63	0.00	1.00	0.64	16.89	16.89	70.68	1.36	2.27	0.00	0.00
2022.	8.	23.	5.	45.	11.75	202.09	0.00	1.00	0.45	17.06	17.06	70.86	1.44	2.07	0.00	0.00
2022.	8.	23.	6.	0.	15.75	225.65	0.00	1.00	0.29	17.24	17.24	71.67	1.46	2.75	0.00	0.00
2022.	8.	23.	6.	15.	145.57	297.73	0.00	0.04	0.00	17.53	17.53	72.87	1.48	3.97	0.00	0.00
2022.	8.	23.	6.	30.	182.28	346.40	0.00	0.01	0.00	18.14	18.14	70.54	1.26	4.25	0.00	0.00
2022.	8.	23.	6.	45.	216.69	393.52	0.00	0.00	0.00	18.77	18.77	67.88	1.25	3.81	0.00	0.00
2022.	8.	23.	7.	0.	249.07	439.28	0.00	0.00	0.00	19.38	19.38	64.75	1.76	3.33	0.00	0.00
2022.	8.	23.	7.	15.	263.57	507.67	0.00	0.15	0.00	19.77	19.77	63.32	1.97	3.44	0.00	0.00
2022.	8.	23.	7.	30.	214.64	552.75	0.00	0.43	0.00	19.99	19.99	62.64	2.13	3.55	0.00	0.00
2022.	8.	23.	7.	45.	161.07	595.82	0.00	0.69	0.00	20.12	20.12	62.54	2.14	3.54	0.00	0.00
2022.	8.	23.	8.	0.	103.45	637.12	0.00	0.93	0.00	20.18	20.18	62.97	2.18	3.76	0.00	0.00
2022.	8.	23.	8.	15.	90.15	697.17	0.00	1.00	0.01	20.37	20.37	63.17	2.32	4.06	0.00	0.00
2022.	8.	23.	8.	30.	108.90	735.58	0.00	0.97	0.00	20.72	20.72	62.86	2.38	4.14	0.00	0.00
2022.	8.	23.	8.	45.	190.47	771.65	0.00	0.80	0.00	21.24	21.24	61.62	2.22	3.81	0.00	0.00
2022.	8.	23.	9.	0.	327.01	805.68	0.00	0.49	0.00	22.22	22.22	58.50	2.08	3.44	0.00	0.00
2022.	8.	23.	9.	15.	562.72	853.31	0.00	0.06	0.00	23.16	23.16	55.78	2.40	3.74	0.00	0.00
2022.	8.	23.	9.	30.	605.67	882.43	0.00	0.02	0.00	23.73	23.73	54.18	2.91	4.42	0.00	0.00
2022.	8.	23.	9.	45.	636.33	909.05	0.00	0.00	0.00	24.15	24.15	53.35	2.94	4.51	0.00	0.00
2022.	8.	23.	10.	0.	656.24	933.49	0.00	0.00	0.00	24.53	24.53	52.87	2.96	4.55	0.00	0.00
2022.	8.	23.	10.	15.	682.94	965.44	0.00	0.00	0.00	24.92	24.92	52.43	3.11	4.81	0.00	0.00
2022.	8.	23.	10.	30.	697.51	983.29	0.00	0.00	0.00	25.26	25.26	51.94	3.34	5.21	0.00	0.00
2022.	8.	23.	10.	45.	708.79	998.65	0.00	0.00	0.00	25.43	25.43	51.77	3.54	5.52	0.01	0.00
2022.	8.	23.	11.	0.	717.20	1011.83	0.00	0.01	0.00	25.43	25.43	51.81	3.53	5.49	0.01	0.00
2022.	8.	23.	11.	15.	704.00	1025.92	0.00	0.05	0.00	25.35	25.35	51.93	3.37	5.21	0.02	0.00
2022.	8.	23.	11.	30.	318.44	1031.28	0.00	0.70	0.00	24.95	24.95	52.99	3.30	5.19	0.01	0.00
2022.	8.	23.	11.	45.	133.22	1034.33	0.00	1.00	0.00	24.24	24.24	55.67	3.26	5.37	0.03	0.00
2022.	8.	23.	12.	0.	123.31	1035.36	0.00	1.00	0.00	24.10	24.10	56.92	3.17	5.28	0.02	0.00
2022.	8.	23.	12.	15.	616.64	1030.64	0.00	0.20	0.00	25.10	25.10	54.64	3.14	5.07	0.04	0.00
2022.	8.	23.	12.	30.	675.44	1023.15	0.00	0.09	0.00	25.51	25.51	53.44	3.28	5.12	0.03	0.00
2022.	8.	23.	12.	45.	699.17	1013.68	0.00	0.04	0.01	25.68	25.68	52.97	3.21	4.99	0.05	0.00
2022.	8.	23.	13.	0.	692.21	1002.48	0.00	0.03	0.01	25.65	25.65	52.95	2.73	4.19	0.03	0.00
2022.	8.	23.	13.	15.	662.92	979.27	0.02	0.04	0.04	25.92	25.92	52.43	2.71	4.07	0.06	0.00
2022.	8.	23.	13.	30.	627.64	959.43	0.04	0.06	0.07	26.26	26.26	51.67	3.61	5.64	0.03	0.00
2022.	8.	23.	13.	45.	614.25	938.09	0.04	0.05	0.07	25.91	25.91	52.51	3.98	6.47	0.06	0.00
2022.	8.	23.	14.	0.	620.02	915.43	0.03	0.03	0.03	25.59	25.59	53.18	3.31	5.38	0.03	0.00
2022.	8.	23.	14.	15.	583.60	875.30	0.03	0.03	0.03	25.77	25.77	53.77	3.02	4.78	0.07	0.00
2022.	8.	23.	14.	30.	542.71	844.48	0.06	0.04	0.05	26.04	26.04	54.54	3.41	5.32	0.05	0.00
2022.	8.	23.	14.	45.	509.15	812.72	0.08	0.04	0.06	25.86	25.86	56.21	3.58	5.68	0.10	0.00
2022.	8.	23.	15.	0.	482.00	780.15	0.08	0.04	0.07	25.65	25.65	57.33	3.27	5.28	0.06	0.00
2022.	8.	23.	15.	15.	425.97	725.84	0.13	0.04	0.07	25.52	25.52	58.88	3.16	5.11	0.12	0.00
2022.	8.	23.	15.	30.	392.19	686.12	0.15	0.04	0.07	25.45	25.45	59.66	3.42	5.66	0.06	0.00
2022.	8.	23.	15.	45.	365.41	646.11	0.15	0.04	0.05	25.24	25.24	60.37	3.43	5.79	0.10	0.00
2022.	8.	23.	16.	0.	344.76	605.84	0.12	0.04	0.03	25.12	25.12	60.42	3.14	5.30	0.05	0.00
2022.	8.	23.	16.	15.	286.36	541.06	0.24	0.04	0.03	24.95	24.95	61.38	2.91	4.90	0.10	0.00
2022.	8.	23.	16.	30.	252.66	495.16	0.43	0.04	0.02	24.82	24.82	62.42	2.82	4.82	0.05	0.00
2022.	8.	23.	16.	45.	219.20	449.62	0.59	0.03	0.01	24.62	24.62	63.75	2.74	4.79	0.09	0.00
2022.	8.	23.	17.	0.	185.95	404.39	0.74	0.02	0.01	24.41	24.41	64.94	2.57	4.59	0.04	0.00
2022.	8.	23.	17.	15.	133.87	333.55	1.00	0.03	0.01	24.13	24.13	66.75	2.28	4.23	0.07	0.00
2022.	8.	23.	17.	30.	109.43	284.60	1.00	0.03	0.01	23.86	23.86	68.77	2.04	3.99	0.03	0.00
2022.	8.	23.	17.	45.	87.88	236.63	0.76	0.03	0.02	23.57	23.57	71.07	2.14	4.51	0.09	0.00
2022.	8.	23.	18.	0.	68.85	189.54	0.32	0.03	0.02	23.22	23.22	73.49	2.76	6.21	0.06	0.00
2022.	8.	23.	18.	15.	23.06	117.46	0.14	0.20	0.42	21.69	21.69	82.16	4.50	8.43	0.10	0.00
2022.	8.	23.	18.	30.	23.06	117.46	0.14	0.20	0.42	20.30	20.30	87.79	2.91	6.10	0.01	0.00
2022.	8.	23.	18.	45.	0.10	7.04	0.03	1.00	0.02	20.39	20.39	85.55	2.20	5.62	0.00	0.00
2022.	8.	23.	19.	0.	0.00	0.00	0.05	1.00	0.00	20.44	20.44	84.29	2.05	5.86	0.00	0.00
2022.	8.	23.	19.	15.	0.00	0.00	0.05	1.00	0.00	20.49	20.49	83.78	2.01	5.91	0.00	0.00
2022.	8.	23.	19.	30.	0.00	0.00	0.03	0.32	0.00	20.51	20.51	83.77	1.96	5.68	0.00	0.00
2022.	8.	23.	19.	45.	0.00	0.00	0.02	0.00	0.00	20.13	20.13	85.78	1.85	5.52	0.00	0.00
2022.	8.	23.	20.	0.	0.00	0.00	0.02	0.00	0.00	19.93	19.93	86.26	1.89	5.82	0.00	0.00
2022.	8.	23.	20.	15.	0.00	0.00	0.00	0.00	0.00	19.94	19.94	84.72	2.14	6.01	0.00	0.00
2022.	8.	23.	20.	30.	0.00	0.00	0.00	0.00	0.00	19.87	19.87	83.22	2.27	5.97	0.00	0.00
2022.	8.	23.	20.	45.	0.00	0.00	0.00	0.00	0.00	19.66	19.66	83.22	2.17	6.03	0.00	0.00
2022.	8.	23.	21.	0.	0.00	0.00	0.00	0.00	0.00	19.47	19.47	83.60	2.06	5.93	0.00	0.00
2022.	8.	23.	21.	15.	0.00	0.00	0.00	0.00	0.00	19.27	19.27	84.16	1.98	5.81	0.00	0.00
2022.	8.	23.	21.	30.	0.00	0.00	0.00	0.00	0.00	19.05	19.05	84.90	1.85	5.75	0.00	0.00
2022.	8.	23.	21.	45.	0.00	0.00	0.00	0.00	0.00	18.69	18.69	86.43	1.71	5.71	0.00	0.00
2022.	8.	23.	22.	0.	0.00	0.00	0.00	0.00	0.00	18.29	18.29	87.83	1.76	5.78	0.00	0.00
2022.	8.	23.	22.	15.	0.00	0.00	0.33	0.00	0.00	18.38	18.38	87.10	1.89	5.88	0.00	0.00
2022.	8.	23.	22.	30.	0.00	0.00	0.33	0.00	0.00	18.57	18.57	86.10	1.96	5.98	0.00	0.00
2022.	8.	23.	22.	45.	0.00	0.00	0.33	0.00	0.00	18.73	18.73	85.28	2.05	6.06	0.00	0.00
2022.	8.	23.	23.	0.	0.00	0.00	0.33	0.00	0.00	18.84	18.84	84.79	2.14	6.26	0.00	0.00
2022.	8.	23.	23.	15.	0.00	0.00	0.26	0.00	0.00	18.81	18.81	85.14	2.17	6.54	0.00	0.00
2022.	8.	23.	23.	30.	0.00	0.00	0.26	0.00	0.00	18.73	18.73	85.74	2.11	6.55	0.00	0.00
2022.	8.	23.	23.	45.	0.00	0.00	0.26	0.00	0.00	18.65	18.65	86.25	2.03	6.35	0.00	0.00
2022.	8.	24.	0.	0.	0.00	0.00	0.26	0.00	0.00	18.62	18.62	86.41	1.98	6.22	0.00	0.00
2022.	8.	24.	0.	15.	0.00	0.00	1.00	0.00	0.00	18.54	18.54	86.66	1.88	6.23	0.00	0.00
2022.	8.	24.	0.	30.	0.00	0.00	1.00	0.00	0.00	18.43	18.43	87.05	1.73	6.25	0.00	0.00
2022.	8.	24.	0.	45.	0.00	0.00	1.00	0.00	0.00	18.32	18.32	87.44	1.62	6.18	0.00	0.00
2022.	8.	24.	1.	0.	0.00	0.00	1.00	0.00	0.00	18.21	18.21	87.75	1.58	6.03	0.00	0.00
2022.	8.	24.	1.	15.	0.00	0.00	1.00	0.00	0.00	18.11	18.11	87.92	1.57	5.80	0.00	0.00
2022.	8.	24.	1.	30.	0.00	0.00	1.00	0.00	0.00	17.99	17.99	88.21	1.58	5.61	0.00	0.00
2022.	8.	24.	1.	45.	0.00	0.00	1.00	0.00	0.00	17.83	17.83	88.72	1.60	5.53	0.00	0.00
2022.	8.	24.	2.	0.	0.00	0.00	1.00	0.00	0.00	17.62	17.62	89.46	1.62	5.47	0.00	0.00
2022.	8.	24.	2.	15.	0.00	0.00	1.00	0.00	0.00	17.44	17.44	89.94	1.63	5.33	0.00	0.00
2022.	8.	24.	2.	30.	0.00	0.00	1.00	0.00	0.00	17.39	17.39	89.97	1.71	5.27	0.00	0.00
2022.	8.	24.	2.	45.	0.00	0.00	1.00	0.00	0.00	17.37	17.37	89.97	1.83	5.40	0.00	0.00
2022.	8.	24.	3.	0.	0.00	0.00	1.00	0.00	0.00	17.38	17.38	89.88	1.90	5.40	0.00	0.00
2022.	8.	24.	3.	15.	0.00	0.00	1.00	0.00	0.00	17.38	17.38	89.92	1.94	5.35	0.00	0.00
2022.	8.	24.	3.	30.	0.00	0.00	1.00	0.00	0.00	17.39	17.39	89.91	2.01	5.47	0.00	0.00
2022.	8.	24.	3.	45.	0.00	0.00	1.00	0.00	0.00	17.44	17.44	89.78	2.07	5.55	0.00	0.00
2022.	8.	24.	4.	0.	0.00	0.00	1.00	0.00	0.00	17.45	17.45	89.77	2.17	5.63	0.00	0.00
2022.	8.	24.	4.	15.	0.00	0.00	1.00	0.00	0.00	17.19	17.19	91.04	2.07	5.76	0.00	0.00
2022.	8.	24.	4.	30.	0.00	0.00	1.00	0.00	0.00	17.31	17.31	90.92	1.96	5.86	0.00	0.00
2022.	8.	24.	4.	45.	0.00	0.00	1.00	0.00	0.00	17.31	17.31	91.13	1.92	5.88	0.00	0.00
2022.	8.	24.	5.	0.	0.00	0.00	1.00	0.00	0.00	17.26	17.26	91.35	1.94	5.84	0.00	0.00
2022.	8.	24.	5.	15.	17.76	74.64	1.00	0.00	0.00	17.34	17.34	90.91	1.94	5.74	0.00	0.00
2022.	8.	24.	5.	30.	17.76	74.64	1.00	0.00	0.00	17.45	17.45	90.27	1.95	5.66	0.00	0.00
2022.	8.	24.	5.	45.	70.71	195.28	0.92	0.00	0.00	17.65	17.65	89.54	1.95	5.60	0.00	0.00
2022.	8.	24.	6.	0.	83.97	218.88	0.85	0.00	0.00	17.93	17.93	88.62	2.00	5.40	0.00	0.00
2022.	8.	24.	6.	15.	130.52	291.08	0.64	0.00	0.00	18.28	18.28	87.60	2.01	5.10	0.00	0.00
2022.	8.	24.	6.	30.	165.23	339.84	0.51	0.00	0.00	18.65	18.65	86.47	1.95	4.81	0.00	0.00
2022.	8.	24.	6.	45.	199.64	387.04	0.40	0.00	0.00	19.10	19.10	84.65	2.05	4.54	0.00	0.00
2022.	8.	24.	7.	0.	233.78	432.89	0.31	0.00	0.00	19.64	19.64	82.18	2.22	4.07	0.00	0.00
2022.	8.	24.	7.	15.	286.72	501.42	0.19	0.00	0.00	20.20	20.20	79.90	2.15	3.87	0.00	0.00
2022.	8.	24.	7.	30.	325.24	546.60	0.13	0.00	0.00	20.83	20.83	77.03	2.29	4.07	0.00	0.00
2022.	8.	24.	7.	45.	362.20	589.75	0.08	0.00	0.00	21.52	21.52	73.68	2.52	4.25	0.00	0.00
2022.	8.	24.	8.	0.	397.80	631.15	0.03	0.00	0.00	22.14	22.14	70.86	2.52	4.07	0.00	0.00
2022.	8.	24.	8.	15.	448.46	691.35	0.01	0.00	0.00	22.68	22.68	68.74	2.27	3.58	0.00	0.00
2022.	8.	24.	8.	30.	480.72	729.85	0.01	0.00	0.00	23.18	23.18	66.98	2.02	3.11	0.00	0.00
2022.	8.	24.	8.	45.	511.13	766.02	0.00	0.00	0.00	23.64	23.64	64.98	2.00	3.00	0.00	0.00
2022.	8.	24.	9.	0.	539.92	800.14	0.00	0.00	0.00	24.05	24.05	62.26	2.38	3.46	0.00	0.00
2022.	8.	24.	9.	15.	580.02	847.90	0.00	0.00	0.00	24.50	24.50	60.13	2.35	3.41	0.00	0.00
2022.	8.	24.	9.	30.	602.71	877.12	0.00	0.00	0.00	24.91	24.91	58.67	2.17	3.12	0.00	0.00
2022.	8.	24.	9.	45.	619.45	903.83	0.03	0.00	0.00	25.20	25.20	57.96	2.00	2.82	0.05	0.00
2022.	8.	24.	10.	0.	630.98	928.35	0.07	0.01	0.01	25.47	25.47	57.23	1.82	2.53	0.03	0.00
2022.	8.	24.	10.	15.	653.17	960.42	0.09	0.01	0.01	25.72	25.72	56.49	1.65	2.26	0.06	0.00
2022.	8.	24.	10.	30.	666.02	978.35	0.11	0.01	0.01	25.88	25.88	55.40	1.59	2.15	0.03	0.00
2022.	8.	24.	10.	45.	679.00	993.79	0.11	0.01	0.01	25.98	25.98	53.99	1.67	2.20	0.06	0.00
2022.	8.	24.	11.	0.	692.08	1007.04	0.10	0.01	0.01	26.16	26.16	52.23	1.73	2.27	0.03	0.00
2022.	8.	24.	11.	15.	705.99	1021.24	0.09	0.01	0.01	26.32	26.32	50.79	1.78	2.33	0.05	0.00
2022.	8.	24.	11.	30.	711.32	1026.66	0.09	0.01	0.01	26.46	26.46	49.56	1.81	2.34	0.03	0.00
2022.	8.	24.	11.	45.	712.84	1029.77	0.09	0.01	0.01	26.56	26.56	48.88	1.84	2.35	0.05	0.00
2022.	8.	24.	12.	0.	711.01	1030.85	0.10	0.01	0.01	26.61	26.61	48.52	1.81	2.31	0.03	0.00
2022.	8.	24.	12.	15.	704.09	1026.20	0.10	0.02	0.01	26.62	26.62	48.61	1.77	2.25	0.06	0.00
2022.	8.	24.	12.	30.	693.22	1018.76	0.12	0.02	0.01	26.64	26.64	48.87	1.67	2.13	0.03	0.00
2022.	8.	24.	12.	45.	678.60	1009.33	0.14	0.03	0.01	26.62	26.62	49.55	1.56	2.01	0.09	0.00
2022.	8.	24.	13.	0.	660.71	998.16	0.17	0.03	0.02	26.60	26.60	50.19	1.51	1.93	0.05	0.00
2022.	8.	24.	13.	15.	616.17	974.98	0.69	0.04	0.02	26.59	26.59	51.00	1.54	1.98	0.13	0.00
2022.	8.	24.	13.	30.	576.13	955.17	0.90	0.04	0.02	26.60	26.60	51.67	1.59	2.08	0.07	0.00
2022.	8.	24.	13.	45.	537.68	933.84	1.00	0.04	0.02	26.56	26.56	52.60	1.67	2.24	0.16	0.00
2022.	8.	24.	14.	0.	500.60	911.19	1.00	0.04	0.03	26.52	26.52	53.38	1.70	2.37	0.09	0.00
2022.	8.	24.	14.	15.	445.73	871.07	1.00	0.05	0.03	26.44	26.44	55.05	1.64	2.33	0.21	0.00
2022.	8.	24.	14.	30.	410.61	840.24	1.00	0.06	0.03	26.36	26.36	56.92	1.34	1.87	0.12	0.00
2022.	8.	24.	14.	45.	377.75	808.47	1.00	0.07	0.02	26.25	26.25	58.83	0.86	1.12	0.25	0.00
2022.	8.	24.	15.	0.	346.85	775.88	1.00	0.07	0.02	26.12	26.12	62.51	0.30	0.34	0.13	0.00
2022.	8.	24.	15.	15.	287.93	721.54	1.00	0.08	0.02	26.06	26.06	67.56	0.18	0.32	0.25	0.00
2022.	8.	24.	15.	30.	251.10	681.79	1.00	0.07	0.02	26.05	26.05	73.68	0.59	0.87	0.13	0.00
2022.	8.	24.	15.	45.	218.40	641.74	1.00	0.07	0.02	25.65	25.65	75.15	1.06	1.45	0.24	0.00
2022.	8.	24.	16.	0.	189.32	601.43	1.00	0.07	0.02	25.15	25.15	73.57	1.51	2.05	0.12	0.00
2022.	8.	24.	16.	15.	128.72	536.58	1.00	0.32	0.02	24.66	24.66	75.59	1.83	2.59	0.24	0.00
2022.	8.	24.	16.	30.	88.68	490.63	1.00	0.58	0.02	24.15	24.15	78.33	1.93	2.93	0.12	0.00
2022.	8.	24.	16.	45.	64.17	445.03	1.00	0.72	0.02	23.75	23.75	81.00	1.86	2.98	0.23	0.00
2022.	8.	24.	17.	0.	53.26	399.75	1.00	0.73	0.02	23.55	23.55	82.17	1.73	2.81	0.11	0.00
2022.	8.	24.	17.	15.	59.75	328.80	1.00	0.37	0.03	23.48	23.48	82.62	1.58	2.44	0.21	0.00
2022.	8.	24.	17.	30.	54.07	279.78	1.00	0.27	0.03	23.57	23.57	83.00	1.80	2.47	0.10	0.00
2022.	8.	24.	17.	45.	38.60	231.74	1.00	0.33	0.22	23.41	23.41	84.15	2.31	2.83	0.22	0.00
2022.	8.	24.	18.	0.	14.55	184.57	1.00	0.55	0.58	22.89	22.89	85.65	2.78	5.00	0.10	0.00
2022.	8.	24.	18.	15.	18.39	112.37	1.00	0.47	0.03	22.41	22.41	81.70	3.12	6.86	0.13	0.00
2022.	8.	24.	18.	30.	18.39	112.37	1.00	0.47	0.03	21.45	21.45	86.13	3.10	6.22	0.02	0.00
2022.	8.	24.	18.	45.	0.34	3.60	1.00	0.64	0.00	20.75	20.75	89.12	2.38	4.72	0.08	0.00
2022.	8.	24.	19.	0.	0.00	0.00	1.00	0.66	0.00	20.27	20.27	91.18	1.80	3.71	0.04	0.00
2022.	8.	24.	19.	15.	0.00	0.00	1.00	0.66	0.00	19.93	19.93	92.66	1.35	3.09	0.12	0.00
2022.	8.	24.	19.	30.	0.00	0.00	1.00	0.48	0.01	19.83	19.83	93.30	0.91	2.62	0.01	0.00
2022.	8.	24.	19.	45.	0.00	0.00	1.00	0.40	0.01	20.04	20.04	92.28	0.53	2.39	0.01	0.00
2022.	8.	24.	20.	0.	0.00	0.00	1.00	0.40	0.01	20.19	20.19	91.34	0.68	2.26	0.00	0.00
2022.	8.	24.	20.	15.	0.00	0.00	1.00	0.62	0.00	20.20	20.20	91.40	1.46	2.31	0.00	0.00
2022.	8.	24.	20.	30.	0.00	0.00	1.00	0.62	0.00	19.80	19.80	93.64	1.71	2.46	0.00	0.00
2022.	8.	24.	20.	45.	0.00	0.00	1.00	0.62	0.00	19.41	19.41	95.30	1.66	2.62	0.02	0.00
2022.	8.	24.	21.	0.	0.00	0.00	1.00	0.62	0.00	19.51	19.51	95.03	1.66	2.86	0.00	0.00
2022.	8.	24.	21.	15.	0.00	0.00	1.00	1.00	0.00	19.73	19.73	93.72	1.65	3.04	0.00	0.00
2022.	8.	24.	21.	30.	0.00	0.00	1.00	1.00	0.00	20.05	20.05	91.83	1.92	3.50	0.00	0.00
2022.	8.	24.	21.	45.	0.00	0.00	1.00	1.00	0.00	19.99	19.99	91.82	2.13	4.33	0.01	0.00
2022.	8.	24.	22.	0.	0.00	0.00	1.00	1.00	0.00	19.85	19.85	90.91	1.94	5.05	0.00	0.00
2022.	8.	24.	22.	15.	0.00	0.00	1.00	0.97	0.00	19.58	19.58	91.85	1.79	4.47	0.01	0.00
2022.	8.	24.	22.	30.	0.00	0.00	1.00	0.97	0.00	19.34	19.34	93.39	1.65	4.17	0.00	0.00
2022.	8.	24.	22.	45.	0.00	0.00	1.00	0.97	0.00	19.24	19.24	94.33	1.59	3.95	0.02	0.00
2022.	8.	24.	23.	0.	0.00	0.00	1.00	0.97	0.00	19.12	19.12	95.34	1.41	3.75	0.01	0.00
2022.	8.	24.	23.	15.	0.00	0.00	1.00	0.07	0.00	18.87	18.87	96.49	1.09	3.35	0.03	0.00
2022.	8.	24.	23.	30.	0.00	0.00	1.00	0.07	0.00	18.83	18.83	96.83	0.74	2.78	0.01	0.00
2022.	8.	24.	23.	45.	0.00	0.00	1.00	0.07	0.00	18.94	18.94	96.05	1.06	2.06	0.06	0.00
2022.	8.	25.	0.	0.	0.00	0.00	1.00	0.07	0.00	18.77	18.77	96.60	1.84	1.51	0.00	0.00
2022.	8.	25.	0.	15.	0.00	0.00	1.00	1.00	1.00	18.89	18.89	96.38	2.05	2.35	0.11	0.00
2022.	8.	25.	0.	30.	0.00	0.00	1.00	0.99	0.53	18.87	18.87	96.39	1.83	3.51	0.08	0.00
2022.	8.	25.	0.	45.	0.00	0.00	1.00	0.98	0.31	18.75	18.75	96.60	2.26	5.01	0.16	0.00
2022.	8.	25.	1.	0.	0.00	0.00	1.00	0.98	0.31	18.57	18.57	96.92	2.85	5.62	0.08	0.00
2022.	8.	25.	1.	15.	0.00	0.00	1.00	1.00	0.05	18.35	18.35	97.54	2.57	4.78	0.05	0.00
2022.	8.	25.	1.	30.	0.00	0.00	1.00	1.00	0.05	18.18	18.18	98.18	2.25	4.28	0.01	0.00
2022.	8.	25.	1.	45.	0.00	0.00	1.00	1.00	0.05	18.11	18.11	98.42	2.14	3.97	0.05	0.00
2022.	8.	25.	2.	0.	0.00	0.00	1.00	1.00	0.05	18.07	18.07	98.62	2.04	3.89	0.03	0.00
2022.	8.	25.	2.	15.	0.00	0.00	1.00	1.00	1.00	18.05	18.05	98.53	2.03	3.87	0.06	0.00
2022.	8.	25.	2.	30.	0.00	0.00	1.00	1.00	1.00	18.04	18.04	98.44	1.83	3.54	0.02	0.00
2022.	8.	25.	2.	45.	0.00	0.00	1.00	1.00	1.00	17.98	17.98	98.71	1.15	2.39	0.06	0.00
2022.	8.	25.	3.	0.	0.00	0.00	1.00	1.00	1.00	17.84	17.84	99.27	0.83	1.71	0.03	0.00
2022.	8.	25.	3.	15.	0.00	0.00	1.00	0.02	0.11	17.77	17.77	99.77	1.19	1.74	0.05	0.00
2022.	8.	25.	3.	30.	0.00	0.00	1.00	0.02	0.11	17.81	17.81	98.95	1.84	3.00	0.04	0.00
2022.	8.	25.	3.	45.	0.00	0.00	1.00	0.02	0.11	17.84	17.84	98.74	2.12	3.98	0.06	0.00
2022.	8.	25.	4.	0.	0.00	0.00	1.00	0.02	0.11	17.91	17.91	98.32	2.61	4.85	0.04	0.00
2022.	8.	25.	4.	15.	0.00	0.00	1.00	0.04	1.00	18.02	18.02	97.90	2.47	5.12	0.08	0.00
2022.	8.	25.	4.	30.	0.00	0.00	1.00	0.04	1.00	18.15	18.15	97.37	2.19	4.96	0.00	0.00
2022.	8.	25.	4.	45.	0.00	0.00	1.00	0.04	1.00	18.27	18.27	96.51	1.78	4.16	0.06	0.00
2022.	8.	25.	5.	0.	0.00	0.00	1.00	0.04	1.00	18.24	18.24	96.33	0.93	2.48	0.06	0.00
2022.	8.	25.	5.	15.	13.53	67.55	1.00	0.02	0.05	18.03	18.03	97.22	1.07	1.47	0.09	0.00
2022.	8.	25.	5.	30.	27.19	116.65	1.00	0.03	0.03	17.87	17.87	97.99	1.31	0.96	0.07	0.00
2022.	8.	25.	5.	45.	46.74	175.77	1.00	0.04	0.01	18.02	18.02	97.91	1.37	0.44	0.14	0.00
2022.	8.	25.	6.	0.	46.74	175.77	1.00	0.04	0.01	18.06	18.06	97.99	1.58	1.96	0.07	0.00
2022.	8.	25.	6.	15.	107.35	284.33	0.51	0.03	0.21	18.09	18.09	98.47	1.76	3.60	0.12	0.00
2022.	8.	25.	6.	30.	146.82	333.18	0.29	0.03	0.15	18.17	18.17	98.62	1.81	3.33	0.05	0.00
2022.	8.	25.	6.	45.	178.13	380.47	0.24	0.03	0.12	18.35	18.35	98.20	1.77	3.08	0.12	0.00
2022.	8.	25.	7.	0.	202.31	426.40	0.35	0.03	0.10	18.51	18.51	97.92	1.72	2.91	0.11	0.00
2022.	8.	25.	7.	15.	218.30	495.07	0.55	0.05	0.13	18.67	18.67	97.60	1.68	2.81	0.22	0.00
2022.	8.	25.	7.	30.	250.29	540.34	0.52	0.05	0.10	18.84	18.84	97.31	1.68	2.81	0.11	0.00
2022.	8.	25.	7.	45.	285.86	583.59	0.50	0.05	0.09	19.02	19.02	97.27	1.71	2.84	0.20	0.00
2022.	8.	25.	8.	0.	324.56	625.08	0.47	0.04	0.10	19.23	19.23	97.35	1.53	2.50	0.08	0.00
2022.	8.	25.	8.	15.	388.12	685.42	0.32	0.03	0.03	19.40	19.40	96.57	1.44	2.22	0.15	0.00
2022.	8.	25.	8.	30.	420.41	724.02	0.27	0.02	0.10	19.52	19.52	95.81	1.36	2.01	0.05	0.00
2022.	8.	25.	8.	45.	452.75	760.28	0.21	0.02	0.12	19.75	19.75	95.14	1.24	1.79	0.11	0.00
2022.	8.	25.	9.	0.	485.13	794.50	0.15	0.02	0.10	20.00	20.00	93.85	1.12	1.56	0.12	0.00
2022.	8.	25.	9.	15.	459.13	842.40	0.48	0.06	0.06	20.15	20.15	93.16	0.97	1.33	0.31	0.00
2022.	8.	25.	9.	30.	481.59	871.71	0.54	0.07	0.04	20.34	20.34	92.77	0.81	1.10	0.16	0.00
2022.	8.	25.	9.	45.	502.58	898.51	0.60	0.07	0.03	20.56	20.56	92.43	0.83	1.12	0.34	0.00
2022.	8.	25.	10.	0.	522.29	923.12	0.66	0.08	0.02	20.79	20.79	91.93	1.02	1.38	0.18	0.00
2022.	8.	25.	10.	15.	528.45	955.32	0.76	0.08	0.04	20.98	20.98	91.47	1.11	1.53	0.37	0.00
2022.	8.	25.	10.	30.	545.38	973.33	0.86	0.08	0.03	21.15	21.15	90.62	1.10	1.53	0.18	0.00
2022.	8.	25.	10.	45.	555.21	988.84	0.94	0.08	0.02	21.34	21.34	89.47	1.23	1.74	0.38	0.00
2022.	8.	25.	11.	0.	558.84	1002.17	1.00	0.08	0.02	21.48	21.48	88.40	1.29	1.89	0.19	0.00
2022.	8.	25.	11.	15.	581.60	1016.47	0.88	0.08	0.02	21.68	21.68	87.93	1.58	2.34	0.37	0.00
2022.	8.	25.	11.	30.	577.33	1021.96	0.88	0.08	0.04	21.77	21.77	87.58	1.67	2.49	0.18	0.00
2022.	8.	25.	11.	45.	583.97	1025.13	0.87	0.08	0.04	21.82	21.82	86.99	1.60	2.38	0.34	0.00
2022.	8.	25.	12.	0.	600.15	1026.27	0.85	0.07	0.02	21.94	21.94	85.88	1.45	2.17	0.17	0.00
2022.	8.	25.	12.	15.	575.86	1021.70	0.90	0.07	0.08	22.01	22.01	84.66	1.25	1.85	0.33	0.00
2022.	8.	25.	12.	30.	559.52	1014.29	0.97	0.07	0.07	22.16	22.16	83.91	1.09	1.60	0.17	0.00
2022.	8.	25.	12.	45.	546.76	1004.90	1.00	0.08	0.06	22.32	22.32	83.76	1.00	1.47	0.37	0.00
2022.	8.	25.	13.	0.	537.12	993.77	1.00	0.09	0.03	22.51	22.51	83.65	1.02	1.49	0.19	0.00
2022.	8.	25.	13.	15.	505.29	970.64	1.00	0.09	0.03	22.67	22.67	83.64	1.13	1.68	0.39	0.00
2022.	8.	25.	13.	30.	494.53	950.84	1.00	0.09	0.03	22.83	22.83	83.42	1.27	1.96	0.19	0.00
2022.	8.	25.	13.	45.	486.33	929.53	1.00	0.09	0.03	22.93	22.93	83.06	1.43	2.26	0.36	0.00
2022.	8.	25.	14.	0.	480.37	906.89	1.00	0.08	0.02	23.01	23.01	82.27	1.56	2.52	0.18	0.00
2022.	8.	25.	14.	15.	458.83	866.77	1.00	0.08	0.02	23.02	23.02	81.72	1.68	2.74	0.36	0.00
2022.	8.	25.	14.	30.	438.15	835.94	1.00	0.08	0.02	23.04	23.04	81.13	1.76	2.91	0.18	0.00
2022.	8.	25.	14.	45.	415.96	804.16	1.00	0.07	0.02	23.04	23.04	81.35	1.79	2.99	0.35	0.00
2022.	8.	25.	15.	0.	392.45	771.56	1.00	0.07	0.02	23.08	23.08	81.33	1.83	3.07	0.18	0.00
2022.	8.	25.	15.	15.	345.79	717.18	1.00	0.08	0.03	22.99	22.99	82.16	1.88	3.19	0.38	0.00
2022.	8.	25.	15.	30.	317.26	677.41	1.00	0.08	0.03	22.92	22.92	82.95	1.88	3.28	0.19	0.00
2022.	8.	25.	15.	45.	291.61	637.33	1.00	0.08	0.03	22.82	22.82	83.93	1.88	3.33	0.39	0.00
2022.	8.	25.	16.	0.	268.48	596.98	1.00	0.07	0.03	22.71	22.71	84.75	1.92	3.44	0.17	0.00
2022.	8.	25.	16.	15.	245.74	532.06	1.00	0.05	0.02	22.53	22.53	85.56	2.03	3.63	0.31	0.00
2022.	8.	25.	16.	30.	226.49	486.06	0.96	0.04	0.02	22.29	22.29	85.90	2.09	3.76	0.14	0.00
2022.	8.	25.	16.	45.	203.70	440.40	0.92	0.04	0.01	22.04	22.04	85.98	1.97	3.65	0.26	0.00
2022.	8.	25.	17.	0.	177.82	395.06	0.88	0.04	0.01	21.89	21.89	86.07	1.79	3.48	0.12	0.00
2022.	8.	25.	17.	15.	143.89	324.02	0.65	0.03	0.01	21.81	21.81	85.67	1.74	3.49	0.14	0.00
2022.	8.	25.	17.	30.	123.51	274.92	0.33	0.02	0.01	21.75	21.75	84.85	1.78	3.70	0.03	0.00
2022.	8.	25.	17.	45.	99.16	226.81	0.17	0.01	0.00	21.55	21.55	84.66	1.91	4.19	0.04	0.00
2022.	8.	25.	18.	0.	71.32	179.57	0.12	0.01	0.00	21.20	21.20	84.74	2.00	4.71	0.00	0.00
2022.	8.	25.	18.	15.	33.85	107.25	0.00	0.00	0.00	20.65	20.65	86.23	1.97	4.85	0.00	0.00
2022.	8.	25.	18.	30.	33.85	107.25	0.00	0.00	0.00	20.12	20.12	88.17	1.87	4.62	0.00	0.00
2022.	8.	25.	18.	45.	0.00	0.13	0.00	0.00	0.00	20.47	20.47	84.96	1.99	4.77	0.00	0.00
2022.	8.	25.	19.	0.	0.00	0.00	0.00	0.00	0.00	20.26	20.26	85.17	2.29	5.41	0.00	0.00
2022.	8.	25.	19.	15.	0.00	0.00	0.00	0.00	0.13	19.85	19.85	86.45	1.99	5.82	0.00	0.00
2022.	8.	25.	19.	30.	0.00	0.00	0.00	0.00	0.13	19.37	19.37	88.05	1.70	5.50	0.00	0.00
2022.	8.	25.	19.	45.	0.00	0.00	0.00	0.00	0.13	19.04	19.04	88.85	1.68	5.07	0.00	0.00
2022.	8.	25.	20.	0.	0.00	0.00	0.00	0.00	0.13	19.13	19.13	87.78	1.91	5.10	0.00	0.00
2022.	8.	25.	20.	15.	0.00	0.00	0.00	0.00	0.19	19.30	19.30	85.76	2.06	5.13	0.00	0.00
2022.	8.	25.	20.	30.	0.00	0.00	0.00	0.00	0.19	18.89	18.89	87.34	1.91	4.98	0.00	0.00
2022.	8.	25.	20.	45.	0.00	0.00	0.00	0.00	0.19	18.60	18.60	88.63	1.90	5.00	0.00	0.00
2022.	8.	25.	21.	0.	0.00	0.00	0.00	0.00	0.19	18.47	18.47	89.36	1.92	5.20	0.00	0.00
2022.	8.	25.	21.	15.	0.00	0.00	0.06	0.01	0.43	18.54	18.54	89.19	1.89	5.45	0.01	0.00
2022.	8.	25.	21.	30.	0.00	0.00	0.06	0.01	0.43	18.64	18.64	88.53	1.81	5.56	0.00	0.00
2022.	8.	25.	21.	45.	0.00	0.00	0.06	0.01	0.43	18.57	18.57	88.06	1.94	5.98	0.00	0.00
2022.	8.	25.	22.	0.	0.00	0.00	0.06	0.01	0.43	18.44	18.44	86.59	2.18	6.22	0.00	0.00
2022.	8.	25.	22.	15.	0.00	0.00	0.00	0.00	0.00	17.70	17.70	88.65	1.70	5.33	0.00	0.00
2022.	8.	25.	22.	30.	0.00	0.00	0.00	0.00	0.00	16.87	16.87	92.17	1.34	4.50	0.00	0.00
2022.	8.	25.	22.	45.	0.00	0.00	0.00	0.00	0.00	16.93	16.93	90.57	1.29	4.25	0.00	0.00
2022.	8.	25.	23.	0.	0.00	0.00	0.00	0.00	0.00	17.09	17.09	87.90	1.15	4.04	0.00	0.00
2022.	8.	25.	23.	15.	0.00	0.00	0.00	0.00	0.00	17.26	17.26	85.04	1.23	3.58	0.00	0.00
2022.	8.	25.	23.	30.	0.00	0.00	0.00	0.00	0.00	17.19	17.19	83.82	1.56	3.16	0.00	0.00
2022.	8.	25.	23.	45.	0.00	0.00	0.00	0.00	0.00	16.82	16.82	83.66	1.91	3.00	0.00	0.00
2022.	8.	26.	0.	0.	0.00	0.00	0.00	0.00	0.00	16.06	16.06	85.95	1.96	2.93	0.00	0.00
2022.	8.	26.	0.	15.	0.00	0.00	0.00	0.00	0.00	16.00	16.00	84.50	2.02	2.73	0.00	0.00
2022.	8.	26.	0.	30.	0.00	0.00	0.00	0.00	0.00	16.00	16.00	82.63	2.02	2.48	0.00	0.00
2022.	8.	26.	0.	45.	0.00	0.00	0.00	0.00	0.00	15.47	15.47	84.28	1.89	2.28	0.00	0.00
2022.	8.	26.	1.	0.	0.00	0.00	0.00	0.00	0.00	15.19	15.19	85.47	1.92	2.15	0.00	0.00
2022.	8.	26.	1.	15.	0.00	0.00	0.00	0.00	0.00	15.09	15.09	85.80	1.98	2.06	0.00	0.00
2022.	8.	26.	1.	30.	0.00	0.00	0.00	0.00	0.00	14.91	14.91	86.76	2.10	2.04	0.00	0.00
2022.	8.	26.	1.	45.	0.00	0.00	0.00	0.00	0.00	14.78	14.78	87.49	2.21	2.10	0.00	0.00
2022.	8.	26.	2.	0.	0.00	0.00	0.00	0.00	0.00	14.68	14.68	88.27	2.26	2.18	0.00	0.00
2022.	8.	26.	2.	15.	0.00	0.00	0.00	0.00	0.00	14.63	14.63	88.42	2.26	2.25	0.00	0.00
2022.	8.	26.	2.	30.	0.00	0.00	0.00	0.00	0.00	14.59	14.59	88.40	2.30	2.33	0.00	0.00
2022.	8.	26.	2.	45.	0.00	0.00	0.00	0.00	0.00	14.61	14.61	88.15	2.34	2.41	0.00	0.00
2022.	8.	26.	3.	0.	0.00	0.00	0.00	0.00	0.00	14.59	14.59	88.25	2.40	2.47	0.00	0.00
2022.	8.	26.	3.	15.	0.00	0.00	0.00	0.00	0.00	14.42	14.42	89.00	2.45	2.52	0.00	0.00
2022.	8.	26.	3.	30.	0.00	0.00	0.00	0.00	0.00	14.12	14.12	90.51	2.50	2.55	0.00	0.00
2022.	8.	26.	3.	45.	0.00	0.00	0.00	0.00	0.00	13.92	13.92	91.36	2.51	2.56	0.00	0.00
2022.	8.	26.	4.	0.	0.00	0.00	0.00	0.00	0.00	13.78	13.78	91.81	2.45	2.56	0.00	0.00
2022.	8.	26.	4.	15.	0.00	0.00	0.00	0.00	0.00	13.68	13.68	91.94	2.35	2.54	0.00	0.00
2022.	8.	26.	4.	30.	0.00	0.00	0.00	0.00	0.00	13.67	13.67	91.57	2.22	2.48	0.00	0.00
2022.	8.	26.	4.	45.	0.00	0.00	0.00	0.00	0.00	13.63	13.63	91.66	2.02	2.39	0.00	0.00
2022.	8.	26.	5.	0.	0.00	0.00	0.00	0.00	0.00	13.62	13.62	91.71	1.81	2.28	0.00	0.00
2022.	8.	26.	5.	15.	14.02	60.38	0.01	0.00	0.00	13.57	13.57	92.31	1.56	2.19	0.00	0.00
2022.	8.	26.	5.	30.	14.02	60.38	0.01	0.00	0.00	13.54	13.54	93.17	1.33	2.10	0.00	0.00
2022.	8.	26.	5.	45.	76.30	181.38	0.07	0.00	0.00	13.54	13.54	94.19	1.11	2.01	0.00	0.00
2022.	8.	26.	6.	0.	90.16	205.05	0.10	0.00	0.00	13.87	13.87	94.44	0.85	1.94	0.00	0.00
2022.	8.	26.	6.	15.	132.56	277.49	0.28	0.00	0.00	14.36	14.36	94.79	0.60	1.87	0.00	0.00
2022.	8.	26.	6.	30.	160.50	326.42	0.44	0.00	0.00	14.99	14.99	93.65	0.36	1.80	0.00	0.00
2022.	8.	26.	6.	45.	188.02	373.80	0.59	0.00	0.01	15.56	15.56	92.24	0.28	1.75	0.00	0.00
2022.	8.	26.	7.	0.	215.18	419.82	0.73	0.00	0.01	16.00	16.00	90.26	0.32	1.69	0.00	0.00
2022.	8.	26.	7.	15.	253.47	488.63	0.91	0.00	0.02	16.34	16.34	88.64	0.42	1.66	0.00	0.00
2022.	8.	26.	7.	30.	283.57	533.99	0.97	0.00	0.02	16.79	16.79	88.01	0.48	1.51	0.00	0.00
2022.	8.	26.	7.	45.	314.34	577.33	1.00	0.00	0.01	17.16	17.16	85.81	0.46	1.18	0.00	0.00
2022.	8.	26.	8.	0.	345.68	618.91	1.00	0.00	0.01	17.60	17.60	85.40	0.40	1.07	0.00	0.00
2022.	8.	26.	8.	15.	386.06	679.40	1.00	0.00	0.00	18.09	18.09	84.59	0.54	1.17	0.00	0.00
2022.	8.	26.	8.	30.	410.44	718.10	1.00	0.00	0.00	18.57	18.57	81.70	0.91	1.43	0.00	0.00
2022.	8.	26.	8.	45.	431.38	754.46	1.00	0.00	0.00	19.08	19.08	78.74	1.31	1.84	0.00	0.00
2022.	8.	26.	9.	0.	449.31	788.76	1.00	0.00	0.00	19.58	19.58	77.81	1.58	2.29	0.00	0.00
2022.	8.	26.	9.	15.	472.19	836.81	1.00	0.00	0.00	20.09	20.09	76.37	1.75	2.65	0.00	0.00
2022.	8.	26.	9.	30.	487.53	866.21	1.00	0.00	0.00	20.66	20.66	73.47	1.89	2.93	0.00	0.00
2022.	8.	26.	9.	45.	503.70	893.10	1.00	0.00	0.00	21.20	21.20	69.58	2.04	3.06	0.00	0.00
2022.	8.	26.	10.	0.	520.59	917.79	1.00	0.00	0.00	21.76	21.76	66.30	1.95	2.90	0.00	0.00
2022.	8.	26.	10.	15.	542.10	950.12	1.00	0.00	0.02	22.27	22.27	63.41	1.95	2.86	0.00	0.00
2022.	8.	26.	10.	30.	567.14	968.22	1.00	0.00	0.01	22.76	22.76	60.55	2.12	3.05	0.00	0.00
2022.	8.	26.	10.	45.	499.54	983.81	1.00	0.00	0.20	23.10	23.10	58.27	2.27	3.23	0.00	0.00
2022.	8.	26.	11.	0.	350.88	997.21	1.00	0.00	0.54	23.00	23.00	58.02	2.15	3.08	0.00	0.00
2022.	8.	26.	11.	15.	99.75	1011.62	1.00	0.01	1.00	22.59	22.59	59.34	2.35	3.46	0.01	0.00
2022.	8.	26.	11.	30.	121.93	1017.18	1.00	0.01	1.00	22.38	22.38	60.39	2.75	4.44	0.01	0.00
2022.	8.	26.	11.	45.	300.07	1020.41	1.00	0.01	0.70	22.46	22.46	60.30	2.68	4.67	0.00	0.00
2022.	8.	26.	12.	0.	614.68	1021.61	1.00	0.00	0.15	23.35	23.35	57.05	2.23	3.75	0.00	0.00
2022.	8.	26.	12.	15.	696.49	1017.11	0.56	0.00	0.03	23.77	23.77	55.13	2.05	3.12	0.00	0.00
2022.	8.	26.	12.	30.	697.52	1009.75	0.34	0.00	0.04	24.29	24.29	53.05	2.45	3.55	0.00	0.00
2022.	8.	26.	12.	45.	696.45	1000.40	0.18	0.00	0.04	24.80	24.80	51.41	3.06	4.54	0.00	0.00
2022.	8.	26.	13.	0.	693.53	989.31	0.06	0.00	0.04	24.93	24.93	51.16	3.59	5.46	0.00	0.00
2022.	8.	26.	13.	15.	696.44	966.22	0.03	0.00	0.00	24.91	24.91	51.57	3.68	5.66	0.00	0.00
2022.	8.	26.	13.	30.	672.94	946.45	0.02	0.00	0.02	24.82	24.82	52.11	3.38	5.14	0.00	0.00
2022.	8.	26.	13.	45.	649.73	925.16	0.01	0.00	0.03	24.78	24.78	52.31	3.06	4.59	0.00	0.00
2022.	8.	26.	14.	0.	626.79	902.54	0.01	0.00	0.03	24.86	24.86	52.07	2.87	4.28	0.00	0.00
2022.	8.	26.	14.	15.	606.06	862.42	0.03	0.00	0.00	25.06	25.06	51.49	2.81	4.20	0.00	0.00
2022.	8.	26.	14.	30.	571.54	831.58	0.10	0.00	0.01	25.24	25.24	50.88	2.83	4.23	0.00	0.00
2022.	8.	26.	14.	45.	534.25	799.80	0.26	0.00	0.01	25.40	25.40	50.46	2.92	4.39	0.00	0.00
2022.	8.	26.	15.	0.	494.53	767.18	0.49	0.00	0.00	25.51	25.51	50.20	3.06	4.64	0.00	0.00
2022.	8.	26.	15.	15.	410.16	712.78	1.00	0.00	0.00	25.43	25.43	50.77	3.17	4.87	0.00	0.00
2022.	8.	26.	15.	30.	352.25	672.98	1.00	0.00	0.00	25.25	25.25	51.54	3.17	4.94	0.00	0.00
2022.	8.	26.	15.	45.	309.25	632.87	1.00	0.00	0.00	25.05	25.05	52.50	3.06	4.82	0.00	0.00
2022.	8.	26.	16.	0.	279.30	592.49	1.00	0.00	0.00	24.86	24.86	53.51	2.96	4.69	0.00	0.00
2022.	8.	26.	16.	15.	227.72	527.50	1.00	0.01	0.00	24.64	24.64	54.60	2.83	4.53	0.00	0.00
2022.	8.	26.	16.	30.	188.93	481.45	1.00	0.01	0.00	24.45	24.45	55.51	2.65	4.31	0.00	0.00
2022.	8.	26.	16.	45.	153.69	435.74	1.00	0.01	0.00	24.25	24.25	56.35	2.53	4.17	0.00	0.00
2022.	8.	26.	17.	0.	121.56	390.34	1.00	0.02	0.00	24.03	24.03	57.38	2.50	4.18	0.00	0.00
2022.	8.	26.	17.	15.	89.71	319.21	1.00	0.08	0.00	23.88	23.88	58.13	2.44	4.15	0.00	0.00
2022.	8.	26.	17.	30.	83.03	270.04	1.00	0.04	0.00	23.73	23.73	58.79	2.41	4.16	0.00	0.00
2022.	8.	26.	17.	45.	74.11	221.85	0.81	0.03	0.00	23.53	23.53	59.19	2.42	4.26	0.00	0.00
2022.	8.	26.	18.	0.	63.23	174.54	0.45	0.03	0.00	23.20	23.20	59.66	2.45	4.47	0.00	0.00
2022.	8.	26.	18.	15.	28.69	102.10	0.48	0.16	0.00	22.90	22.90	59.45	2.48	4.77	0.00	0.00
2022.	8.	26.	18.	30.	28.69	102.10	0.48	0.16	0.00	22.63	22.63	59.30	2.42	4.88	0.00	0.00
2022.	8.	26.	18.	45.	0.00	0.00	0.25	0.63	0.00	22.40	22.40	58.61	2.20	4.60	0.00	0.00
2022.	8.	26.	19.	0.	0.00	0.00	0.18	0.62	0.00	22.15	22.15	58.39	1.93	4.25	0.00	0.00
2022.	8.	26.	19.	15.	0.00	0.00	0.01	0.11	0.00	21.75	21.75	59.11	1.90	4.32	0.00	0.00
2022.	8.	26.	19.	30.	0.00	0.00	0.01	0.11	0.00	21.48	21.48	59.58	1.96	4.71	0.00	0.00
2022.	8.	26.	19.	45.	0.00	0.00	0.01	0.11	0.00	21.34	21.34	59.64	2.05	5.19	0.00	0.00
2022.	8.	26.	20.	0.	0.00	0.00	0.01	0.11	0.00	21.26	21.26	59.65	2.05	5.38	0.00	0.00
2022.	8.	26.	20.	15.	0.00	0.00	0.00	0.00	0.00	20.90	20.90	60.91	1.80	4.99	0.00	0.00
2022.	8.	26.	20.	30.	0.00	0.00	0.00	0.00	0.00	20.38	20.38	62.78	1.89	4.64	0.00	0.00
2022.	8.	26.	20.	45.	0.00	0.00	0.00	0.00	0.00	20.27	20.27	62.99	2.27	4.74	0.00	0.00
2022.	8.	26.	21.	0.	0.00	0.00	0.00	0.00	0.00	20.08	20.08	63.81	2.52	4.88	0.00	0.00
2022.	8.	26.	21.	15.	0.00	0.00	0.00	0.00	0.00	19.57	19.57	66.62	2.22	4.95	0.00	0.00
2022.	8.	26.	21.	30.	0.00	0.00	0.00	0.00	0.00	19.24	19.24	68.81	2.04	5.02	0.00	0.00
2022.	8.	26.	21.	45.	0.00	0.00	0.00	0.00	0.00	18.96	18.96	70.87	1.94	5.12	0.00	0.00
2022.	8.	26.	22.	0.	0.00	0.00	0.00	0.00	0.00	18.63	18.63	73.08	1.83	5.02	0.00	0.00
2022.	8.	26.	22.	15.	0.00	0.00	0.00	0.00	0.00	18.54	18.54	74.02	1.76	4.66	0.00	0.00
2022.	8.	26.	22.	30.	0.00	0.00	0.00	0.00	0.00	18.63	18.63	73.98	1.72	4.28	0.00	0.00
2022.	8.	26.	22.	45.	0.00	0.00	0.00	0.00	0.00	18.57	18.57	74.92	1.92	4.14	0.00	0.00
2022.	8.	26.	23.	0.	0.00	0.00	0.00	0.00	0.00	18.09	18.09	78.04	2.07	4.30	0.00	0.00
2022.	8.	26.	23.	15.	0.00	0.00	0.00	0.00	0.00	17.65	17.65	81.91	2.07	4.57	0.00	0.00
2022.	8.	26.	23.	30.	0.00	0.00	0.00	0.00	0.00	17.54	17.54	84.39	1.96	4.86	0.00	0.00
2022.	8.	26.	23.	45.	0.00	0.00	0.00	0.00	0.00	17.47	17.47	86.75	1.94	5.05	0.00	0.00
2022.	8.	27.	0.	0.	0.00	0.00	0.00	0.00	0.00	17.43	17.43	89.20	1.95	5.09	0.00	0.00
