SWD;SWDtop;CU;CM;CD;TT2M;ST;RH2m;WS10m;WS100m;PREC;SNOW;Month;Day;Hour
0.0;0.0;0.02;0.0;0.08;2.28;2.28;93.05;2.85;5.97;0.0;0.0;4;9;2.25
0.0;0.0;0.0;0.0;0.03;2.26;2.26;92.61;2.9;6.07;0.0;0.0;4;9;2.5
0.0;0.0;0.0;0.0;0.01;2.15;2.15;92.53;2.5;5.55;0.0;0.0;4;9;2.75
0.0;0.0;0.0;0.0;0.01;2.04;2.04;92.95;2.26;5.2;0.0;0.0;4;9;3.0
0.0;0.0;0.0;0.0;1.0;2.15;2.15;93.93;2.48;5.57;0.0;0.0;4;9;3.25
0.0;0.0;0.0;0.0;1.0;2.37;2.37;94.12;2.71;5.45;0.0;0.0;4;9;3.5
0.0;0.0;0.0;0.0;1.0;2.32;2.32;95.31;2.99;5.79;0.01;0.0;4;9;3.75
0.0;0.0;0.0;0.0;1.0;2.32;2.32;95.09;2.99;5.78;0.0;0.0;4;9;4.0
0.0;0.0;0.0;0.0;0.13;2.29;2.29;94.19;2.58;5.28;0.0;0.0;4;9;4.25
0.0;0.0;0.0;0.0;0.13;2.26;2.26;94.65;2.47;5.12;0.0;0.0;4;9;4.5
0.0;0.0;0.0;0.0;0.13;2.26;2.26;95.08;2.54;5.12;0.0;0.0;4;9;4.75
0.0;0.0;0.0;0.0;0.13;2.28;2.28;94.89;2.37;4.96;0.0;0.0;4;9;5.0
0.0;0.0;0.35;0.04;0.0;2.28;2.28;94.55;2.0;4.4;0.0;0.0;4;9;5.25
0.0;0.0;0.35;0.04;0.0;2.17;2.17;95.25;2.02;4.56;0.0;0.0;4;9;5.5
0.0;0.0;0.35;0.04;0.0;2.15;2.15;95.44;2.22;4.9;0.0;0.0;4;9;5.75
0.0;0.0;0.35;0.04;0.0;2.17;2.17;94.6;2.13;4.47;0.0;0.0;4;9;6.0
0.0;0.0;0.21;0.0;1.0;2.16;2.16;95.26;1.8;4.27;0.0;0.0;4;9;6.25
0.0;0.0;0.21;0.0;1.0;2.28;2.28;95.48;2.22;4.99;0.0;0.0;4;9;6.5
0.0;0.0;0.21;0.0;1.0;2.48;2.48;94.23;2.26;4.55;0.0;0.0;4;9;6.75
0.0;0.0;0.21;0.0;1.0;2.5;2.5;94.18;1.8;3.88;0.0;0.0;4;9;7.0
0.0;0.0;0.0;0.0;1.0;2.49;2.49;95.08;1.92;4.32;0.0;0.0;4;9;7.25
0.0;0.0;0.0;0.0;1.0;2.54;2.54;95.04;2.04;4.27;0.0;0.0;4;9;7.5
0.0;0.0;0.0;0.0;1.0;2.54;2.54;95.16;2.21;4.48;0.0;0.0;4;9;7.75
0.0;0.0;0.0;0.0;1.0;2.54;2.54;95.3;2.33;4.64;0.01;0.0;4;9;8.0
34.26;222.74;0.0;0.01;1.0;2.62;2.62;95.6;2.27;4.5;0.01;0.0;4;9;8.25
23.44;273.03;0.0;0.01;1.0;2.65;2.65;95.93;2.69;5.09;0.03;0.0;4;9;8.5
85.72;321.72;0.0;0.01;0.66;2.75;2.75;95.53;2.76;5.22;0.02;0.0;4;9;8.75
211.96;369.01;0.0;0.0;0.02;3.06;3.06;95.09;2.67;4.96;0.01;0.0;4;9;9.0
39.32;439.74;0.05;0.02;1.0;3.08;3.08;95.27;3.0;5.52;0.02;0.0;4;9;9.25
150.15;486.38;0.01;0.05;0.76;3.28;3.28;94.36;3.22;5.91;0.01;0.0;4;9;9.5
155.99;530.94;0.0;0.08;0.77;3.57;3.57;93.26;2.77;4.97;0.02;0.0;4;9;9.75
69.98;573.7;0.0;0.09;1.0;3.45;3.45;94.02;3.51;6.23;0.02;0.0;4;9;10.0
143.6;635.91;0.05;0.09;1.0;3.58;3.58;93.27;3.48;6.24;0.02;0.0;4;9;10.25
106.8;675.72;0.01;0.03;1.0;3.7;3.7;92.34;2.87;5.09;0.02;0.0;4;9;10.5
108.2;713.12;0.0;0.0;1.0;3.62;3.62;93.36;3.53;6.23;0.04;0.0;4;9;10.75
143.03;748.43;0.0;0.0;1.0;3.93;3.93;92.24;3.45;6.09;0.01;0.0;4;9;11.0
531.49;797.88;0.01;0.04;0.15;4.57;4.57;90.16;3.05;5.26;0.02;0.0;4;9;11.25
438.12;828.15;0.0;0.01;0.45;4.8;4.8;89.85;3.43;5.81;0.01;0.0;4;9;11.5
485.81;855.85;0.0;0.0;0.38;4.96;4.96;89.44;3.39;5.8;0.02;0.0;4;9;11.75
656.94;881.29;0.0;0.0;0.0;5.44;5.44;87.18;3.17;5.29;0.01;0.0;4;9;12.0
672.28;914.61;0.02;0.05;0.03;5.74;5.74;84.62;3.15;5.16;0.02;0.0;4;9;12.25
698.09;933.28;0.01;0.01;0.01;6.06;6.06;84.1;3.12;5.11;0.02;0.0;4;9;12.5
713.7;949.38;0.0;0.0;0.01;6.37;6.37;84.64;3.25;5.32;0.03;0.0;4;9;12.75
720.39;963.23;0.0;0.0;0.03;6.57;6.57;83.55;3.4;5.58;0.02;0.0;4;9;13.0
731.92;978.16;0.07;0.02;0.01;6.69;6.69;80.59;3.25;5.29;0.02;0.0;4;9;13.25
745.65;983.95;0.02;0.01;0.0;6.92;6.92;78.69;3.03;4.89;0.02;0.0;4;9;13.5
751.45;987.36;0.0;0.0;0.0;7.25;7.25;79.42;3.09;5.01;0.03;0.0;4;9;13.75
750.3;988.67;0.0;0.0;0.0;7.47;7.47;79.48;3.24;5.25;0.02;0.0;4;9;14.0
731.18;984.18;0.08;0.03;0.01;7.49;7.49;77.33;3.29;5.31;0.03;0.0;4;9;14.25
736.71;976.71;0.03;0.01;0.0;7.48;7.48;75.26;3.38;5.42;0.02;0.0;4;9;14.5
733.14;967.19;0.0;0.0;0.0;7.56;7.56;75.59;3.48;5.62;0.03;0.0;4;9;14.75
721.59;955.87;0.0;0.0;0.0;7.66;7.66;75.09;3.55;5.8;0.02;0.0;4;9;15.0
668.62;932.27;0.07;0.06;0.06;7.69;7.69;73.61;3.6;5.91;0.03;0.0;4;9;15.25
670.52;912.04;0.02;0.02;0.02;7.73;7.73;73.55;3.61;5.93;0.02;0.0;4;9;15.5
661.21;890.24;0.0;0.0;0.01;7.82;7.82;74.06;3.84;6.39;0.03;0.0;4;9;15.75
642.11;867.07;0.0;0.0;0.0;7.75;7.75;71.26;3.86;6.45;0.01;0.0;4;9;16.0
520.68;825.97;0.0;0.21;0.12;7.62;7.62;68.56;3.7;6.22;0.01;0.0;4;9;16.25
534.18;794.35;0.0;0.1;0.08;7.64;7.64;68.23;3.79;6.44;0.01;0.0;4;9;16.5
491.82;761.76;0.0;0.38;0.05;7.62;7.62;67.59;3.76;6.34;0.01;0.0;4;9;16.75
400.57;728.32;0.0;1.0;0.02;7.54;7.54;68.21;3.9;6.63;0.01;0.0;4;9;17.0
231.24;672.52;0.02;0.24;1.0;7.23;7.23;69.78;4.5;7.8;0.02;0.0;4;9;17.25
155.14;631.68;0.07;0.08;1.0;6.87;6.87;74.03;5.09;9.08;0.01;0.0;4;9;17.5
203.66;590.51;0.06;0.01;0.66;6.35;6.35;72.0;4.68;8.4;0.0;0.0;4;9;17.75
361.23;549.07;0.0;0.01;0.01;6.49;6.49;71.02;4.13;7.34;0.0;0.0;4;9;18.0
307.59;482.37;0.0;0.01;0.0;6.47;6.47;71.46;3.95;7.0;0.0;0.0;4;9;18.25
265.07;435.09;0.0;0.09;0.01;6.35;6.35;72.22;3.54;6.24;0.0;0.0;4;9;18.5
220.19;388.16;0.0;0.18;0.01;6.26;6.26;74.72;3.06;5.43;0.01;0.0;4;9;18.75
173.26;341.55;0.0;0.28;0.03;6.2;6.2;76.21;2.83;5.12;0.01;0.0;4;9;19.0
44.53;268.49;0.0;0.16;1.0;6.09;6.09;77.92;2.64;4.91;0.02;0.0;4;9;19.25
20.98;217.99;0.0;0.73;1.0;5.96;5.96;79.79;2.5;4.93;0.01;0.0;4;9;19.5
8.9;168.49;0.0;1.0;1.0;5.64;5.64;80.55;3.25;6.08;0.02;0.0;4;9;19.75
6.86;119.88;0.0;1.0;1.0;4.51;4.51;87.53;3.59;6.26;0.07;0.0;4;9;20.0
3.13;45.46;0.0;1.0;1.0;3.87;3.87;91.56;1.53;3.34;0.04;0.0;4;9;20.25
3.13;45.46;0.0;1.0;1.0;4.07;4.07;90.91;1.25;3.43;0.0;0.0;4;9;20.5
0.0;0.0;0.0;0.82;0.1;3.96;3.96;91.28;1.59;4.17;0.0;0.0;4;9;20.75
0.0;0.0;0.0;0.82;0.1;3.93;3.93;91.28;1.92;5.32;0.0;0.0;4;9;21.0
0.0;0.0;0.0;0.04;1.0;4.84;4.84;81.24;2.58;6.03;0.0;0.0;4;9;21.25
0.0;0.0;0.0;0.04;1.0;5.0;5.0;76.1;2.36;4.75;0.0;0.0;4;9;21.5
0.0;0.0;0.0;0.04;1.0;4.94;4.94;76.55;2.24;4.75;0.0;0.0;4;9;21.75
0.0;0.0;0.0;0.04;1.0;4.82;4.82;80.12;1.94;3.74;0.0;0.0;4;9;22.0
0.0;0.0;0.0;0.44;1.0;4.48;4.48;86.35;1.92;2.55;0.0;0.0;4;9;22.25
0.0;0.0;0.0;0.44;1.0;4.11;4.11;90.97;1.87;2.91;0.0;0.0;4;9;22.5
0.0;0.0;0.0;0.0;0.01;2.66;2.66;94.04;2.22;5.58;0.0;0.0;4;10;2.25
0.0;0.0;0.0;0.0;0.07;2.55;2.55;93.92;2.19;5.55;0.0;0.0;4;10;2.5
0.0;0.0;0.0;0.0;0.09;2.43;2.43;94.05;2.04;5.44;0.0;0.0;4;10;2.75
0.0;0.0;0.0;0.0;0.09;2.29;2.29;94.33;1.95;5.4;0.0;0.0;4;10;3.0
0.0;0.0;0.0;0.0;0.03;2.16;2.16;94.61;1.92;5.39;0.0;0.0;4;10;3.25
0.0;0.0;0.0;0.0;0.03;2.03;2.03;94.85;1.86;5.3;0.0;0.0;4;10;3.5
0.0;0.0;0.0;0.0;0.03;1.94;1.94;94.83;1.86;5.39;0.0;0.0;4;10;3.75
0.0;0.0;0.0;0.0;0.03;1.88;1.88;94.7;1.88;5.54;0.0;0.0;4;10;4.0
0.0;0.0;0.0;0.0;0.0;1.74;1.74;94.85;1.74;5.37;0.0;0.0;4;10;4.25
0.0;0.0;0.0;0.0;0.0;1.55;1.55;95.27;1.59;5.26;0.0;0.0;4;10;4.5
0.0;0.0;0.0;0.0;0.0;1.36;1.36;95.72;1.52;5.17;0.0;0.0;4;10;4.75
0.0;0.0;0.0;0.0;0.0;1.13;1.13;96.35;1.47;5.03;0.0;0.0;4;10;5.0
0.0;0.0;0.0;0.0;0.23;0.99;0.99;97.23;1.47;4.82;0.0;0.0;4;10;5.25
0.0;0.0;0.0;0.0;0.23;1.21;1.21;96.0;1.38;4.58;0.0;0.0;4;10;5.5
0.0;0.0;0.0;0.0;0.23;1.12;1.12;95.94;1.44;4.4;0.0;0.0;4;10;5.75
0.0;0.0;0.0;0.0;0.23;0.92;0.92;96.6;1.58;4.26;0.0;0.0;4;10;6.0
0.0;0.0;0.0;0.0;0.66;0.92;0.92;96.84;1.59;4.05;0.0;0.0;4;10;6.25
0.0;0.0;0.0;0.0;0.66;1.13;1.13;96.17;1.58;3.74;0.0;0.0;4;10;6.5
0.0;0.0;0.0;0.0;0.66;1.26;1.26;96.28;1.43;3.45;0.0;0.0;4;10;6.75
0.0;0.0;0.0;0.0;0.66;1.34;1.34;96.54;1.48;3.43;0.0;0.0;4;10;7.0
0.26;5.52;0.0;0.0;1.0;1.56;1.56;96.76;1.62;3.66;0.0;0.0;4;10;7.25
7.28;55.95;0.0;0.0;1.0;1.83;1.83;96.51;2.05;3.97;0.0;0.0;4;10;7.5
20.73;116.67;0.0;0.0;1.0;2.01;2.01;96.76;2.16;3.84;0.0;0.0;4;10;7.75
20.73;116.67;0.0;0.0;1.0;2.12;2.12;96.99;2.05;3.55;0.0;0.0;4;10;8.0
72.18;228.24;0.0;0.0;0.74;2.28;2.28;97.16;2.0;3.56;0.0;0.0;4;10;8.25
117.86;278.46;0.0;0.0;0.46;2.43;2.43;97.37;1.78;3.44;0.0;0.0;4;10;8.5
160.24;327.09;0.0;0.0;0.29;2.6;2.6;97.54;1.7;3.59;0.0;0.0;4;10;8.75
199.72;374.33;0.0;0.0;0.23;2.86;2.86;97.45;1.75;3.87;0.0;0.0;4;10;9.0
240.24;444.99;0.0;0.0;0.4;3.2;3.2;96.63;1.95;3.95;0.0;0.0;4;10;9.25
286.9;491.58;0.0;0.0;0.3;3.55;3.55;95.4;2.21;3.94;0.0;0.0;4;10;9.5
329.06;536.11;0.0;0.0;0.25;3.89;3.89;94.7;2.27;3.89;0.0;0.0;4;10;9.75
367.27;578.83;0.0;0.0;0.24;4.25;4.25;94.34;2.18;3.76;0.0;0.0;4;10;10.0
433.48;641.0;0.0;0.0;0.11;4.6;4.6;93.82;2.23;3.79;0.0;0.0;4;10;10.25
473.52;680.8;0.0;0.0;0.04;4.84;4.84;91.92;2.38;3.95;0.0;0.0;4;10;10.5
508.49;718.19;0.0;0.0;0.01;5.03;5.03;90.58;2.42;3.9;0.0;0.0;4;10;10.75
539.02;753.48;0.0;0.0;0.0;5.29;5.29;90.3;2.25;3.6;0.0;0.0;4;10;11.0
582.27;802.93;0.0;0.0;0.0;5.59;5.59;90.14;2.12;3.36;0.0;0.0;4;10;11.25
609.36;833.21;0.0;0.0;0.0;5.88;5.88;89.22;2.15;3.34;0.0;0.0;4;10;11.5
633.85;860.92;0.0;0.0;0.0;6.06;6.06;87.22;2.21;3.33;0.0;0.0;4;10;11.75
656.07;886.38;0.0;0.0;0.0;6.26;6.26;85.64;2.21;3.29;0.0;0.0;4;10;12.0
683.07;919.73;0.0;0.0;0.01;6.53;6.53;84.7;2.21;3.3;0.0;0.0;4;10;12.25
700.11;938.44;0.0;0.0;0.0;6.82;6.82;84.29;2.22;3.31;0.0;0.0;4;10;12.5
714.44;954.57;0.0;0.0;0.0;7.1;7.1;83.5;2.18;3.23;0.0;0.0;4;10;12.75
726.42;968.46;0.0;0.0;0.0;7.36;7.36;82.52;2.08;3.04;0.0;0.0;4;10;13.0
720.61;983.45;0.0;0.0;0.1;7.6;7.6;81.61;2.02;2.9;0.0;0.0;4;10;13.25
715.3;989.3;0.0;0.0;0.23;7.83;7.83;80.47;2.09;3.0;0.0;0.0;4;10;13.5
686.14;992.76;0.0;0.0;0.34;7.98;7.98;79.1;2.3;3.29;0.0;0.0;4;10;13.75
636.08;994.13;0.0;0.0;0.43;8.02;8.02;78.2;2.53;3.66;0.0;0.0;4;10;14.0
499.1;989.74;0.0;0.0;0.63;7.93;7.93;77.4;2.51;3.67;0.0;0.0;4;10;14.25
323.78;982.34;0.0;0.0;0.88;7.81;7.81;77.2;2.25;3.34;0.0;0.0;4;10;14.5
215.26;972.89;0.0;0.0;1.0;7.64;7.64;77.72;1.91;2.89;0.0;0.0;4;10;14.75
165.18;961.65;0.0;0.0;1.0;7.51;7.51;78.61;1.77;2.7;0.0;0.0;4;10;15.0
160.25;938.17;0.0;0.0;1.0;7.53;7.53;78.39;1.64;2.48;0.0;0.0;4;10;15.25
310.17;918.02;0.0;0.0;0.87;7.71;7.71;75.39;1.02;1.56;0.0;0.0;4;10;15.5
469.3;896.31;0.0;0.0;0.54;7.96;7.96;70.75;0.34;0.58;0.0;0.0;4;10;15.75
636.49;873.23;0.0;0.0;0.04;8.31;8.31;68.12;0.38;0.52;0.0;0.0;4;10;16.0
238.37;832.26;0.0;0.0;1.0;8.22;8.22;66.5;0.29;0.31;0.0;0.0;4;10;16.25
139.65;800.74;0.0;0.0;1.0;8.18;8.18;66.0;0.62;0.7;0.0;0.0;4;10;16.5
80.24;768.24;0.0;0.0;1.0;8.15;8.15;68.81;0.66;0.86;0.0;0.0;4;10;16.75
55.23;734.89;0.0;0.0;1.0;7.96;7.96;75.79;1.29;1.79;0.0;0.0;4;10;17.0
93.14;679.23;0.0;0.0;1.0;7.52;7.52;78.11;1.02;1.37;0.0;0.0;4;10;17.25
272.66;638.48;0.0;0.0;0.62;7.47;7.47;76.81;0.4;0.46;0.0;0.0;4;10;17.5
358.09;597.41;0.0;0.0;0.29;7.83;7.83;76.06;0.98;1.13;0.0;0.0;4;10;17.75
361.2;556.06;0.0;0.0;0.02;8.01;8.01;77.69;1.37;1.8;0.0;0.0;4;10;18.0
310.08;489.5;0.0;0.0;0.0;8.04;8.04;79.43;1.6;2.26;0.0;0.0;4;10;18.25
270.54;442.3;0.0;0.0;0.0;8.0;8.0;80.91;1.7;2.52;0.0;0.0;4;10;18.5
230.58;395.46;0.0;0.0;0.01;7.9;7.9;82.33;1.66;2.54;0.0;0.0;4;10;18.75
190.24;348.93;0.0;0.0;0.03;7.76;7.76;83.79;1.58;2.45;0.0;0.0;4;10;19.0
122.05;276.0;0.0;0.0;0.24;7.6;7.6;84.71;1.51;2.39;0.0;0.0;4;10;19.25
56.16;225.57;0.0;0.0;0.76;7.46;7.46;85.54;1.38;2.28;0.0;0.0;4;10;19.5
20.6;176.15;0.0;0.0;1.0;7.34;7.34;86.92;1.24;2.08;0.0;0.0;4;10;19.75
11.57;127.62;0.0;0.0;1.0;7.28;7.28;88.82;1.4;2.02;0.0;0.0;4;10;20.0
3.42;53.29;0.0;0.0;1.0;7.29;7.29;89.12;1.63;2.05;0.0;0.0;4;10;20.25
3.42;53.29;0.0;0.0;1.0;7.27;7.27;88.86;1.71;2.09;0.0;0.0;4;10;20.5
0.0;0.0;0.0;0.0;0.9;7.21;7.21;87.63;1.53;2.07;0.0;0.0;4;10;20.75
0.0;0.0;0.0;0.0;0.9;7.1;7.1;88.31;1.45;2.02;0.0;0.0;4;10;21.0
0.0;0.0;0.01;0.0;0.49;7.0;7.0;87.78;1.51;2.05;0.0;0.0;4;10;21.25
0.0;0.0;0.01;0.0;0.49;6.8;6.8;88.23;1.66;2.16;0.0;0.0;4;10;21.5
0.0;0.0;0.01;0.0;0.49;6.5;6.5;89.5;1.65;2.32;0.0;0.0;4;10;21.75
0.0;0.0;0.01;0.0;0.49;6.34;6.34;89.52;1.75;2.53;0.0;0.0;4;10;22.0
0.0;0.0;0.0;0.0;0.02;6.01;6.01;89.31;1.88;2.87;0.0;0.0;4;10;22.25
0.0;0.0;0.0;0.0;0.02;5.49;5.49;90.33;2.12;3.3;0.0;0.0;4;10;22.5
0.0;0.0;1.0;0.01;0.0;4.19;4.19;89.25;2.32;6.65;0.0;0.0;4;11;2.25
0.0;0.0;1.0;0.01;0.0;4.08;4.08;90.44;2.1;6.66;0.0;0.0;4;11;2.5
0.0;0.0;1.0;0.01;0.0;4.0;4.0;91.07;2.03;6.75;0.0;0.0;4;11;2.75
0.0;0.0;1.0;0.01;0.0;4.03;4.03;90.69;2.14;6.69;0.0;0.0;4;11;3.0
0.0;0.0;1.0;0.01;0.0;4.05;4.05;90.39;2.19;6.63;0.0;0.0;4;11;3.25
0.0;0.0;1.0;0.01;0.0;4.07;4.07;89.95;2.2;6.46;0.0;0.0;4;11;3.5
0.0;0.0;1.0;0.01;0.0;4.08;4.08;89.57;2.18;6.29;0.0;0.0;4;11;3.75
0.0;0.0;1.0;0.01;0.0;4.09;4.09;89.16;2.2;6.14;0.0;0.0;4;11;4.0
0.0;0.0;1.0;0.0;0.0;4.13;4.13;88.64;2.29;5.93;0.0;0.0;4;11;4.25
0.0;0.0;1.0;0.0;0.0;4.13;4.13;88.58;2.35;5.69;0.0;0.0;4;11;4.5
0.0;0.0;1.0;0.0;0.0;4.1;4.1;88.94;2.36;5.52;0.0;0.0;4;11;4.75
0.0;0.0;1.0;0.0;0.0;4.06;4.06;89.48;2.32;5.39;0.0;0.0;4;11;5.0
0.0;0.0;1.0;0.0;0.0;3.99;3.99;90.07;2.24;5.3;0.0;0.0;4;11;5.25
0.0;0.0;1.0;0.0;0.0;3.92;3.92;90.56;2.14;5.23;0.0;0.0;4;11;5.5
0.0;0.0;1.0;0.0;0.0;3.86;3.86;90.97;2.07;5.22;0.0;0.0;4;11;5.75
0.0;0.0;1.0;0.0;0.0;3.8;3.8;91.33;2.02;5.25;0.0;0.0;4;11;6.0
0.0;0.0;0.66;0.0;0.0;3.7;3.7;91.69;1.98;5.31;0.0;0.0;4;11;6.25
0.0;0.0;0.66;0.0;0.0;3.57;3.57;91.98;1.94;5.44;0.0;0.0;4;11;6.5
0.0;0.0;0.66;0.0;0.0;3.51;3.51;91.83;1.93;5.62;0.0;0.0;4;11;6.75
0.0;0.0;0.66;0.0;0.0;3.5;3.5;91.42;1.96;5.78;0.0;0.0;4;11;7.0
1.09;11.32;0.0;0.0;0.0;3.48;3.48;90.96;2.01;5.88;0.0;0.0;4;11;7.25
17.87;61.66;0.0;0.0;0.0;3.46;3.46;90.68;2.02;5.91;0.0;0.0;4;11;7.5
45.03;122.29;0.0;0.0;0.0;3.56;3.56;90.17;2.0;5.82;0.0;0.0;4;11;7.75
45.03;122.29;0.0;0.0;0.0;3.6;3.6;89.83;1.97;5.65;0.0;0.0;4;11;8.0
114.67;233.7;0.0;0.0;0.0;3.78;3.78;89.69;1.95;5.51;0.0;0.0;4;11;8.25
149.46;283.85;0.0;0.0;0.0;4.1;4.1;88.53;2.05;5.29;0.0;0.0;4;11;8.5
184.76;332.43;0.0;0.0;0.0;4.46;4.46;86.94;2.22;4.96;0.0;0.0;4;11;8.75
220.52;379.61;0.0;0.0;0.0;4.85;4.85;85.51;2.26;4.66;0.0;0.0;4;11;9.0
278.67;450.19;0.0;0.0;0.0;5.28;5.28;84.06;2.28;4.49;0.0;0.0;4;11;9.25
317.74;496.74;0.0;0.0;0.0;5.71;5.71;82.47;2.36;4.44;0.0;0.0;4;11;9.5
355.35;541.23;0.0;0.0;0.0;6.13;6.13;81.29;2.37;4.33;0.0;0.0;4;11;9.75
391.68;583.92;0.0;0.0;0.0;6.54;6.54;80.45;2.29;4.12;0.0;0.0;4;11;10.0
445.22;646.05;0.0;0.0;0.0;6.93;6.93;79.45;2.27;3.97;0.0;0.0;4;11;10.25
479.77;685.82;0.0;0.0;0.0;7.33;7.33;78.49;2.27;3.9;0.0;0.0;4;11;10.5
512.28;723.2;0.0;0.0;0.0;7.78;7.78;77.22;2.34;3.98;0.0;0.0;4;11;10.75
543.0;758.48;0.0;0.0;0.0;8.31;8.31;75.07;2.48;4.24;0.0;0.0;4;11;11.0
586.11;807.92;0.0;0.0;0.0;8.9;8.9;71.53;2.76;4.72;0.0;0.0;4;11;11.25
612.62;838.21;0.0;0.0;0.0;9.4;9.4;68.39;3.04;5.21;0.0;0.0;4;11;11.5
636.94;865.92;0.0;0.0;0.0;9.77;9.77;67.16;3.09;5.3;0.0;0.0;4;11;11.75
659.34;891.39;0.0;0.0;0.0;10.09;10.09;67.04;3.02;5.14;0.0;0.0;4;11;12.0
688.87;924.78;0.0;0.0;0.0;10.39;10.39;66.96;2.94;4.95;0.0;0.0;4;11;12.25
705.56;943.51;0.0;0.0;0.0;10.81;10.81;64.52;2.86;4.73;0.0;0.0;4;11;12.5
719.98;959.68;0.0;0.0;0.0;11.2;11.2;63.17;2.78;4.5;0.0;0.0;4;11;12.75
732.41;973.6;0.0;0.0;0.0;11.52;11.52;63.18;2.71;4.31;0.0;0.0;4;11;13.0
745.66;988.66;0.0;0.0;0.0;11.85;11.85;63.21;2.66;4.2;0.0;0.0;4;11;13.25
750.71;994.56;0.0;0.0;0.0;12.18;12.18;63.22;2.68;4.21;0.0;0.0;4;11;13.5
753.64;998.08;0.0;0.0;0.0;12.53;12.53;62.78;2.8;4.43;0.0;0.0;4;11;13.75
754.69;999.51;0.0;0.0;0.0;12.85;12.85;60.46;3.13;4.94;0.0;0.0;4;11;14.0
750.92;995.21;0.0;0.0;0.0;13.11;13.11;55.92;3.53;5.59;0.0;0.0;4;11;14.25
744.55;987.88;0.0;0.0;0.0;13.4;13.4;52.46;3.67;5.91;0.0;0.0;4;11;14.5
736.41;978.51;0.0;0.0;0.0;13.68;13.68;50.08;3.72;6.05;0.0;0.0;4;11;14.75
726.72;967.34;0.0;0.0;0.0;13.91;13.91;48.16;3.78;6.2;0.0;0.0;4;11;15.0
706.54;943.98;0.0;0.0;0.0;14.1;14.1;46.68;3.85;6.34;0.0;0.0;4;11;15.25
688.97;923.92;0.0;0.0;0.0;14.24;14.24;46.14;3.88;6.43;0.0;0.0;4;11;15.5
669.77;902.29;0.0;0.0;0.0;14.33;14.33;46.8;3.89;6.46;0.0;0.0;4;11;15.75
649.17;879.29;0.0;0.0;0.0;14.37;14.37;48.35;3.88;6.46;0.0;0.0;4;11;16.0
612.16;838.46;0.0;0.0;0.0;14.38;14.38;50.2;3.87;6.44;0.0;0.0;4;11;16.25
583.77;807.03;0.0;0.0;0.0;14.37;14.37;52.13;3.84;6.39;0.0;0.0;4;11;16.5
554.7;774.63;0.0;0.0;0.0;14.36;14.36;53.91;3.79;6.32;0.0;0.0;4;11;16.75
525.02;741.37;0.0;0.0;0.0;14.34;14.34;55.19;3.76;6.29;0.0;0.0;4;11;17.0
476.09;685.85;0.02;0.0;0.0;14.31;14.31;55.74;3.76;6.32;0.0;0.0;4;11;17.25
437.24;645.2;0.17;0.0;0.0;14.28;14.28;55.85;3.8;6.42;0.0;0.0;4;11;17.5
395.59;604.22;0.44;0.0;0.0;14.22;14.22;55.85;3.85;6.54;0.0;0.0;4;11;17.75
351.46;562.96;0.81;0.0;0.0;14.15;14.15;55.66;3.84;6.59;0.0;0.0;4;11;18.0
281.91;496.54;1.0;0.0;0.0;14.1;14.1;55.27;3.75;6.48;0.0;0.0;4;11;18.25
243.88;449.43;1.0;0.0;0.0;14.05;14.05;55.28;3.59;6.28;0.0;0.0;4;11;18.5
209.68;402.68;1.0;0.0;0.0;13.96;13.96;56.2;3.41;6.08;0.0;0.0;4;11;18.75
178.85;356.24;1.0;0.0;0.0;13.79;13.79;58.36;3.29;5.95;0.0;0.0;4;11;19.0
130.25;283.43;1.0;0.0;0.0;13.54;13.54;61.36;3.13;5.81;0.0;0.0;4;11;19.25
98.69;233.08;1.0;0.0;0.0;13.24;13.24;64.47;2.99;5.72;0.0;0.0;4;11;19.5
70.43;183.74;1.0;0.0;0.0;12.91;12.91;66.89;2.96;5.81;0.0;0.0;4;11;19.75
45.05;135.27;1.0;0.0;0.0;12.64;12.64;68.03;3.07;6.02;0.0;0.0;4;11;20.0
15.36;61.05;1.0;0.0;0.0;12.38;12.38;69.23;3.07;6.13;0.0;0.0;4;11;20.25
15.36;61.05;1.0;0.0;0.0;12.1;12.1;71.33;2.99;6.15;0.0;0.0;4;11;20.5
0.0;0.0;1.0;0.0;0.0;11.87;11.87;72.77;2.95;6.1;0.0;0.0;4;11;20.75
0.0;0.0;1.0;0.0;0.0;11.69;11.69;73.92;3.01;6.17;0.0;0.0;4;11;21.0
0.0;0.0;1.0;0.0;0.0;11.2;11.2;77.25;2.89;6.05;0.0;0.0;4;11;21.5
0.0;0.0;1.0;0.0;0.0;10.93;10.93;79.06;2.76;5.9;0.0;0.0;4;11;21.75
0.0;0.0;1.0;0.0;0.0;10.73;10.73;80.31;2.69;5.83;0.0;0.0;4;11;22.0
0.0;0.0;0.74;0.0;0.0;10.63;10.63;80.56;2.78;6.02;0.0;0.0;4;11;22.25
0.0;0.0;0.74;0.0;0.0;10.62;10.62;79.83;3.0;6.38;0.0;0.0;4;11;22.5
0.0;0.0;0.0;0.03;0.0;9.61;9.61;75.19;3.85;7.82;0.0;0.0;4;12;2.25
0.0;0.0;0.0;0.06;0.0;9.62;9.62;74.87;3.85;7.85;0.0;0.0;4;12;2.5
0.0;0.0;0.0;0.07;0.0;9.64;9.64;74.77;3.82;7.84;0.0;0.0;4;12;2.75
0.0;0.0;0.0;0.07;0.0;9.65;9.65;75.09;3.81;7.86;0.0;0.0;4;12;3.0
0.0;0.0;0.01;0.03;0.0;9.61;9.61;75.86;3.91;7.96;0.0;0.0;4;12;3.25
0.0;0.0;0.01;0.03;0.0;9.51;9.51;76.73;3.98;8.02;0.0;0.0;4;12;3.5
0.0;0.0;0.01;0.03;0.0;9.46;9.46;76.93;3.95;8.01;0.0;0.0;4;12;3.75
0.0;0.0;0.01;0.03;0.0;9.46;9.46;76.83;3.93;8.01;0.0;0.0;4;12;4.0
0.0;0.0;0.0;0.0;0.0;9.48;9.48;76.74;3.85;7.95;0.0;0.0;4;12;4.25
0.0;0.0;0.0;0.0;0.0;9.48;9.48;76.78;3.75;7.8;0.0;0.0;4;12;4.5
0.0;0.0;0.0;0.0;0.0;9.43;9.43;77.03;3.59;7.58;0.0;0.0;4;12;4.75
0.0;0.0;0.0;0.0;0.0;9.36;9.36;77.36;3.51;7.49;0.0;0.0;4;12;5.0
0.0;0.0;0.0;0.0;0.0;9.3;9.3;77.6;3.5;7.48;0.0;0.0;4;12;5.25
0.0;0.0;0.0;0.0;0.0;9.24;9.24;77.81;3.5;7.5;0.0;0.0;4;12;5.5
0.0;0.0;0.0;0.0;0.0;9.18;9.18;77.94;3.51;7.53;0.0;0.0;4;12;5.75
0.0;0.0;0.0;0.0;0.0;9.14;9.14;77.97;3.53;7.57;0.0;0.0;4;12;6.0
0.0;0.0;0.0;0.0;0.0;9.11;9.11;77.85;3.57;7.62;0.0;0.0;4;12;6.25
0.0;0.0;0.0;0.0;0.0;9.1;9.1;77.58;3.63;7.68;0.0;0.0;4;12;6.5
0.0;0.0;0.0;0.0;0.0;9.12;9.12;77.14;3.71;7.76;0.0;0.0;4;12;6.75
0.0;0.0;0.0;0.0;0.0;9.14;9.14;76.62;3.79;7.83;0.0;0.0;4;12;7.0
1.86;17.09;0.0;0.0;0.0;9.19;9.19;76.14;3.83;7.91;0.0;0.0;4;12;7.25
19.43;67.35;0.0;0.0;0.0;9.25;9.25;75.72;3.87;7.98;0.0;0.0;4;12;7.5
46.98;127.88;0.0;0.0;0.0;9.35;9.35;75.46;3.91;8.0;0.0;0.0;4;12;7.75
46.98;127.88;0.0;0.0;0.0;9.44;9.44;74.93;3.94;8.01;0.0;0.0;4;12;8.0
116.01;239.12;0.0;0.0;0.0;9.62;9.62;74.5;3.93;7.97;0.0;0.0;4;12;8.25
150.34;289.21;0.0;0.0;0.0;9.87;9.87;73.72;3.96;7.89;0.0;0.0;4;12;8.5
184.32;337.72;0.0;0.0;0.0;10.15;10.15;72.95;4.0;7.81;0.0;0.0;4;12;8.75
217.99;384.85;0.0;0.0;0.0;10.47;10.47;72.12;4.01;7.71;0.0;0.0;4;12;9.0
275.19;455.35;0.0;0.0;0.0;10.83;10.83;71.24;4.0;7.61;0.0;0.0;4;12;9.25
313.63;501.86;0.0;0.0;0.0;11.23;11.23;70.11;4.02;7.56;0.0;0.0;4;12;9.5
350.56;546.31;0.0;0.0;0.0;11.7;11.7;68.75;4.08;7.7;0.0;0.0;4;12;9.75
386.17;588.96;0.0;0.0;0.0;12.2;12.2;66.81;4.17;7.72;0.0;0.0;4;12;10.0
438.42;651.04;0.0;0.0;0.0;12.71;12.71;65.0;4.26;7.82;0.0;0.0;4;12;10.25
472.2;690.79;0.0;0.0;0.0;13.19;13.19;63.44;4.31;7.88;0.0;0.0;4;12;10.5
504.07;728.15;0.0;0.0;0.0;13.69;13.69;61.77;4.37;7.9;0.0;0.0;4;12;10.75
534.29;763.42;0.0;0.0;0.0;14.2;14.2;60.1;4.48;8.0;0.0;0.0;4;12;11.0
577.0;812.85;0.0;0.0;0.0;14.67;14.67;58.69;4.53;8.04;0.0;0.0;4;12;11.25
603.45;843.14;0.0;0.0;0.0;15.12;15.12;57.63;4.42;7.83;0.0;0.0;4;12;11.5
627.81;870.86;0.0;0.0;0.0;15.56;15.56;56.52;4.34;7.67;0.0;0.0;4;12;11.75
650.35;896.34;0.0;0.0;0.0;16.0;16.0;55.25;4.29;7.55;0.0;0.0;4;12;12.0
680.07;929.76;0.0;0.0;0.0;16.43;16.43;54.09;4.27;7.5;0.0;0.0;4;12;12.25
696.52;948.52;0.0;0.0;0.0;16.82;16.82;52.83;4.31;7.5;0.0;0.0;4;12;12.5
710.46;964.72;0.0;0.0;0.0;17.13;17.13;51.21;4.63;7.88;0.0;0.0;4;12;12.75
722.2;978.67;0.0;0.0;0.0;17.4;17.4;50.49;4.96;8.42;0.0;0.0;4;12;13.0
734.41;993.8;0.0;0.0;0.0;17.68;17.68;50.15;5.12;8.71;0.0;0.0;4;12;13.25
739.27;999.75;0.0;0.0;0.0;17.91;17.91;49.81;5.16;8.82;0.0;0.0;4;12;13.5
742.29;1003.32;0.0;0.0;0.0;18.13;18.13;49.59;5.12;8.81;0.0;0.0;4;12;13.75
743.7;1004.8;0.0;0.0;0.0;18.33;18.33;49.48;5.08;8.79;0.0;0.0;4;12;14.0
741.27;1000.6;0.0;0.0;0.0;18.49;18.49;49.92;5.05;8.76;0.0;0.0;4;12;14.25
734.71;993.34;0.0;0.0;0.0;18.56;18.56;51.16;4.88;8.46;0.0;0.0;4;12;14.5
725.9;984.03;0.0;0.0;0.0;18.57;18.57;52.63;4.55;7.79;0.0;0.0;4;12;14.75
715.12;972.94;0.0;0.0;0.0;18.65;18.65;53.14;4.21;7.12;0.0;0.0;4;12;15.0
694.01;949.7;0.02;0.0;0.0;18.83;18.83;52.89;4.02;6.74;0.0;0.0;4;12;15.25
676.34;929.72;0.02;0.0;0.0;18.98;18.98;52.43;3.97;6.62;0.0;0.0;4;12;15.5
657.13;908.18;0.03;0.0;0.0;19.09;19.09;52.36;3.85;6.42;0.0;0.0;4;12;15.75
636.58;885.27;0.04;0.0;0.0;19.15;19.15;53.25;3.63;6.02;0.0;0.0;4;12;16.0
597.16;844.57;0.1;0.0;0.0;19.2;19.2;54.28;3.39;5.57;0.0;0.0;4;12;16.25
567.65;813.24;0.17;0.0;0.0;19.28;19.28;54.71;3.23;5.3;0.0;0.0;4;12;16.5
536.86;780.92;0.24;0.0;0.0;19.36;19.36;55.16;3.22;5.28;0.0;0.0;4;12;16.75
504.96;747.75;0.33;0.0;0.0;19.35;19.35;55.9;3.28;5.4;0.0;0.0;4;12;17.0
444.52;692.38;0.45;0.0;0.0;19.27;19.27;56.6;3.32;5.49;0.0;0.0;4;12;17.25
392.18;651.82;0.78;0.0;0.0;19.16;19.16;57.17;3.38;5.62;0.0;0.0;4;12;17.5
344.78;610.94;0.95;0.0;0.0;19.01;19.01;57.51;3.43;5.76;0.0;0.0;4;12;17.75
301.7;569.77;1.0;0.0;0.0;18.83;18.83;57.36;3.25;5.5;0.0;0.0;4;12;18.0
245.32;503.49;1.0;0.0;0.0;18.68;18.68;57.43;2.91;4.91;0.0;0.0;4;12;18.25
212.38;456.48;1.0;0.0;0.0;18.58;18.58;58.01;2.67;4.52;0.0;0.0;4;12;18.5
181.26;409.81;1.0;0.0;0.0;18.45;18.45;59.28;2.51;4.27;0.0;0.0;4;12;18.75
151.74;363.46;1.0;0.0;0.0;18.28;18.28;60.88;2.25;3.94;0.0;0.0;4;12;19.0
109.88;290.78;1.0;0.0;0.0;18.06;18.06;62.76;1.91;3.51;0.0;0.0;4;12;19.25
85.28;240.51;1.0;0.0;0.0;17.68;17.68;65.85;1.52;3.1;0.0;0.0;4;12;19.5
62.61;191.25;1.0;0.0;0.0;17.07;17.07;69.78;1.31;2.8;0.0;0.0;4;12;19.75
41.6;142.86;1.0;0.0;0.0;17.01;17.01;69.82;1.13;2.58;0.0;0.0;4;12;20.0
15.8;68.74;1.0;0.0;0.0;16.92;16.92;69.95;0.92;2.39;0.0;0.0;4;12;20.25
15.8;68.74;1.0;0.0;0.0;16.76;16.76;70.39;0.75;2.45;0.0;0.0;4;12;20.5
0.0;0.0;1.0;0.0;0.0;16.5;16.5;71.33;0.83;2.98;0.0;0.0;4;12;20.75
0.0;0.0;1.0;0.0;0.0;16.28;16.28;72.16;0.98;3.88;0.0;0.0;4;12;21.0
0.0;0.0;1.0;0.0;0.0;16.01;16.01;72.78;1.11;5.01;0.0;0.0;4;12;21.25
0.0;0.0;1.0;0.0;0.0;15.66;15.66;73.14;1.36;5.71;0.0;0.0;4;12;21.5
0.0;0.0;1.0;0.0;0.0;15.12;15.12;74.22;1.67;5.82;0.0;0.0;4;12;21.75
0.0;0.0;1.0;0.0;0.0;14.56;14.56;76.08;1.78;5.91;0.0;0.0;4;12;22.0
0.0;0.0;1.0;0.0;0.0;14.15;14.15;77.49;1.91;6.02;0.0;0.0;4;12;22.25
0.0;0.0;1.0;0.0;0.0;13.73;13.73;79.09;2.05;6.12;0.0;0.0;4;12;22.5
0.0;0.0;1.0;1.0;0.49;13.78;13.78;75.72;1.96;5.99;0.0;0.0;4;13;2.25
0.0;0.0;1.0;1.0;0.42;13.93;13.93;75.53;2.0;5.83;0.0;0.0;4;13;2.5
0.0;0.0;1.0;1.0;0.38;13.99;13.99;75.85;1.96;5.56;0.0;0.0;4;13;2.75
0.0;0.0;1.0;1.0;0.38;13.92;13.92;76.7;1.73;5.12;0.0;0.0;4;13;3.0
0.0;0.0;1.0;0.61;0.03;13.51;13.51;78.97;1.5;4.49;0.0;0.0;4;13;3.25
0.0;0.0;1.0;0.61;0.03;13.03;13.03;81.27;1.66;4.13;0.0;0.0;4;13;3.5
0.0;0.0;1.0;0.61;0.03;12.53;12.53;83.69;1.84;4.88;0.0;0.0;4;13;3.75
0.0;0.0;1.0;0.61;0.03;12.5;12.5;83.84;1.7;5.68;0.0;0.0;4;13;4.0
0.0;0.0;1.0;0.06;0.0;12.51;12.51;84.01;1.77;5.65;0.0;0.0;4;13;4.25
0.0;0.0;1.0;0.06;0.0;12.5;12.5;84.57;1.78;5.49;0.0;0.0;4;13;4.5
0.0;0.0;1.0;0.06;0.0;12.41;12.41;85.51;1.72;5.28;0.0;0.0;4;13;4.75
0.0;0.0;1.0;0.06;0.0;12.19;12.19;86.94;1.63;5.29;0.0;0.0;4;13;5.0
0.0;0.0;1.0;0.0;0.0;11.89;11.89;88.68;1.63;5.39;0.0;0.0;4;13;5.25
0.0;0.0;1.0;0.0;0.0;11.59;11.59;90.22;1.61;5.46;0.0;0.0;4;13;5.5
0.0;0.0;1.0;0.0;0.0;11.39;11.39;91.03;1.59;5.44;0.0;0.0;4;13;5.75
0.0;0.0;1.0;0.0;0.0;11.23;11.23;91.64;1.58;5.34;0.0;0.0;4;13;6.0
0.0;0.0;1.0;0.05;0.0;11.05;11.05;92.1;1.59;5.18;0.0;0.0;4;13;6.25
0.0;0.0;1.0;0.05;0.0;10.88;10.88;92.56;1.57;4.98;0.0;0.0;4;13;6.5
0.0;0.0;1.0;0.05;0.0;10.74;10.74;92.94;1.57;4.75;0.0;0.0;4;13;6.75
0.0;0.0;1.0;0.05;0.0;10.67;10.67;93.16;1.59;4.54;0.0;0.0;4;13;7.0
3.29;22.83;0.46;0.0;0.0;10.64;10.64;93.35;1.58;4.32;0.0;0.0;4;13;7.25
20.34;73.01;0.28;0.0;0.0;10.64;10.64;93.59;1.54;4.14;0.0;0.0;4;13;7.5
47.07;133.44;0.12;0.0;0.0;10.76;10.76;93.8;1.5;4.05;0.0;0.0;4;13;7.75
47.07;133.44;0.12;0.0;0.0;10.86;10.86;93.92;1.47;4.08;0.0;0.0;4;13;8.0
115.28;244.52;0.01;0.0;0.0;11.07;11.07;94.1;1.38;4.15;0.0;0.0;4;13;8.25
149.06;294.54;0.01;0.0;0.0;11.39;11.39;94.02;1.26;4.15;0.0;0.0;4;13;8.5
182.5;342.98;0.01;0.0;0.0;11.76;11.76;93.81;1.17;4.03;0.0;0.0;4;13;8.75
215.64;390.05;0.01;0.0;0.0;12.2;12.2;93.14;1.19;3.67;0.0;0.0;4;13;9.0
269.86;460.47;0.0;0.0;0.0;12.64;12.64;92.26;1.19;3.15;0.0;0.0;4;13;9.25
307.97;506.93;0.0;0.0;0.0;13.08;13.08;91.27;1.01;2.82;0.0;0.0;4;13;9.5
344.55;551.34;0.0;0.0;0.0;13.58;13.58;89.44;1.04;2.38;0.0;0.0;4;13;9.75
379.82;593.95;0.0;0.0;0.0;14.03;14.03;87.58;1.08;1.8;0.0;0.0;4;13;10.0
431.77;655.98;0.0;0.0;0.0;14.42;14.42;86.34;0.87;1.33;0.0;0.0;4;13;10.25
465.19;695.71;0.0;0.0;0.0;14.77;14.77;84.72;0.87;1.43;0.0;0.0;4;13;10.5
496.65;733.05;0.0;0.0;0.0;15.08;15.08;82.93;1.07;1.55;0.0;0.0;4;13;10.75
526.4;768.3;0.0;0.0;0.0;15.43;15.43;81.87;1.02;1.42;0.0;0.0;4;13;11.0
567.91;817.72;0.0;0.0;0.0;15.73;15.73;81.14;0.89;1.21;0.0;0.0;4;13;11.25
593.42;848.01;0.0;0.0;0.0;15.87;15.87;80.05;0.84;1.09;0.0;0.0;4;13;11.5
616.49;875.74;0.0;0.0;0.0;16.08;16.08;79.29;0.84;1.09;0.0;0.0;4;13;11.75
637.42;901.22;0.0;0.0;0.0;16.25;16.25;78.59;0.99;1.29;0.01;0.0;4;13;12.0
518.48;934.67;0.02;0.0;0.37;16.29;16.29;78.08;1.25;1.6;0.02;0.0;4;13;12.25
582.44;953.45;0.01;0.0;0.25;16.43;16.43;77.09;1.36;1.78;0.01;0.0;4;13;12.5
640.75;969.68;0.0;0.0;0.14;16.61;16.61;75.13;1.35;1.78;0.02;0.0;4;13;12.75
694.11;983.67;0.0;0.0;0.03;16.85;16.85;73.03;1.32;1.73;0.0;0.0;4;13;13.0
714.3;998.85;0.0;0.0;0.02;17.08;17.08;71.55;1.36;1.77;0.01;0.0;4;13;13.25
723.35;1004.85;0.0;0.0;0.01;17.22;17.22;71.07;1.49;1.94;0.01;0.0;4;13;13.5
673.6;1008.47;0.0;0.0;0.12;17.29;17.29;71.61;1.75;2.32;0.02;0.0;4;13;13.75
572.4;1010.01;0.0;0.0;0.33;17.3;17.3;72.64;1.98;2.75;0.01;0.0;4;13;14.0
475.32;1005.9;0.02;0.0;0.52;17.29;17.29;72.96;2.11;3.01;0.01;0.0;4;13;14.25
640.48;998.71;0.01;0.0;0.17;17.42;17.42;71.62;2.11;3.03;0.01;0.0;4;13;14.5
712.15;989.47;0.0;0.0;0.0;17.68;17.68;69.29;2.1;2.94;0.01;0.0;4;13;14.75
702.04;978.45;0.0;0.0;0.0;17.75;17.75;67.96;1.93;2.65;0.01;0.0;4;13;15.0
650.63;955.33;0.03;0.0;0.07;17.67;17.67;67.75;1.64;2.18;0.02;0.0;4;13;15.25
545.54;935.43;0.04;0.0;0.26;17.56;17.56;68.26;1.37;1.79;0.02;0.0;4;13;15.5
423.89;913.98;0.05;0.0;0.46;17.42;17.42;69.33;1.14;1.49;0.03;0.0;4;13;15.75
287.75;891.15;0.04;0.0;0.65;17.27;17.27;70.56;1.12;1.5;0.02;0.0;4;13;16.0
87.79;850.59;0.06;0.01;1.0;17.08;17.08;72.34;1.15;1.62;0.02;0.0;4;13;16.25
116.71;819.35;0.06;0.0;0.92;16.98;16.98;74.54;1.48;2.31;0.01;0.0;4;13;16.5
145.52;787.13;0.05;0.0;0.85;16.71;16.71;78.07;2.62;4.54;0.03;0.0;4;13;16.75
174.24;754.05;0.04;0.0;0.8;15.8;15.8;83.91;3.27;5.77;0.03;0.0;4;13;17.0
436.15;698.81;0.02;0.01;0.08;15.52;15.52;85.11;2.44;4.37;0.02;0.0;4;13;17.25
415.58;658.36;0.01;0.03;0.03;15.77;15.77;81.94;1.74;2.92;0.0;0.0;4;13;17.5
385.4;617.57;0.0;0.04;0.02;16.11;16.11;77.9;1.61;2.57;0.0;0.0;4;13;17.75
346.81;576.5;0.0;0.06;0.04;16.35;16.35;75.19;1.47;2.32;0.0;0.0;4;13;18.0
298.44;510.35;0.01;0.06;0.02;16.52;16.52;72.4;1.58;2.47;0.0;0.0;4;13;18.25
261.46;463.43;0.0;0.07;0.01;16.6;16.6;69.9;1.65;2.59;0.0;0.0;4;13;18.5
224.87;416.86;0.01;0.11;0.01;16.61;16.61;68.33;1.48;2.36;0.0;0.0;4;13;18.75
188.62;370.59;0.01;0.18;0.01;16.53;16.53;68.02;1.3;2.08;0.0;0.0;4;13;19.0
125.05;298.04;0.06;0.34;0.09;16.37;16.37;69.61;1.16;1.88;0.0;0.0;4;13;19.25
67.79;247.86;0.12;0.63;0.53;16.12;16.12;73.8;1.14;2.09;0.01;0.0;4;13;19.5
30.96;198.67;0.16;0.85;0.83;15.79;15.79;78.46;1.35;2.91;0.01;0.0;4;13;19.75
12.03;150.36;0.19;1.0;0.99;15.5;15.5;80.0;1.81;3.65;0.0;0.0;4;13;20.0
10.18;76.35;0.19;1.0;0.27;15.15;15.15;80.51;2.05;3.82;0.0;0.0;4;13;20.25
10.18;76.35;0.19;1.0;0.27;14.81;14.81;81.22;1.73;3.57;0.0;0.0;4;13;20.5
0.0;0.0;0.26;1.0;0.0;14.51;14.51;81.57;1.41;3.42;0.0;0.0;4;13;20.75
0.0;0.0;0.26;1.0;0.0;14.2;14.2;82.67;1.32;3.61;0.0;0.0;4;13;21.0
0.0;0.0;0.33;1.0;0.05;13.99;13.99;83.92;1.31;3.79;0.0;0.0;4;13;21.25
0.0;0.0;0.33;1.0;0.05;14.09;14.09;83.2;1.19;3.63;0.0;0.0;4;13;21.5
0.0;0.0;0.33;1.0;0.05;14.32;14.32;81.41;1.07;3.32;0.0;0.0;4;13;21.75
0.0;0.0;0.33;1.0;0.05;14.47;14.47;80.38;0.93;2.99;0.0;0.0;4;13;22.0
0.0;0.0;1.0;1.0;0.54;14.54;14.54;79.87;0.87;2.74;0.0;0.0;4;13;22.25
0.0;0.0;1.0;1.0;0.54;14.57;14.57;79.73;0.84;2.53;0.0;0.0;4;13;22.5
0.0;0.0;1.0;1.0;0.04;12.77;12.77;89.62;1.51;3.49;0.0;0.0;4;14;2.25
0.0;0.0;1.0;1.0;0.07;12.75;12.75;90.13;1.42;3.52;0.0;0.0;4;14;2.5
0.0;0.0;1.0;1.0;0.08;12.65;12.65;91.19;1.38;3.65;0.0;0.0;4;14;2.75
0.0;0.0;1.0;1.0;0.08;12.59;12.59;91.95;1.4;3.84;0.0;0.0;4;14;3.0
0.0;0.0;1.0;1.0;0.05;12.57;12.57;92.47;1.46;3.96;0.0;0.0;4;14;3.25
0.0;0.0;1.0;1.0;0.05;12.51;12.51;92.99;1.48;3.92;0.0;0.0;4;14;3.5
0.0;0.0;1.0;1.0;0.05;12.47;12.47;93.06;1.48;3.65;0.0;0.0;4;14;3.75
0.0;0.0;1.0;1.0;0.05;12.4;12.4;93.09;1.4;3.37;0.0;0.0;4;14;4.0
0.0;0.0;1.0;1.0;0.0;12.21;12.21;93.3;1.38;3.16;0.0;0.0;4;14;4.25
0.0;0.0;1.0;1.0;0.0;11.91;11.91;94.16;1.46;2.98;0.0;0.0;4;14;4.5
0.0;0.0;1.0;1.0;0.0;11.86;11.86;94.61;1.63;2.81;0.0;0.0;4;14;4.75
0.0;0.0;1.0;1.0;0.0;11.89;11.89;94.34;1.7;2.6;0.0;0.0;4;14;5.0
0.0;0.0;1.0;1.0;0.0;11.88;11.88;94.16;1.68;2.38;0.0;0.0;4;14;5.25
0.0;0.0;1.0;1.0;0.0;11.77;11.77;94.58;1.68;2.2;0.0;0.0;4;14;5.5
0.0;0.0;1.0;1.0;0.0;11.64;11.64;95.22;1.69;2.09;0.0;0.0;4;14;5.75
0.0;0.0;1.0;1.0;0.0;11.51;11.51;95.89;1.66;2.0;0.0;0.0;4;14;6.0
0.0;0.0;1.0;1.0;0.0;11.41;11.41;96.38;1.62;1.9;0.0;0.0;4;14;6.25
0.0;0.0;1.0;1.0;0.0;11.32;11.32;96.62;1.62;1.79;0.0;0.0;4;14;6.5
0.0;0.0;1.0;1.0;0.0;11.23;11.23;96.9;1.67;1.69;0.0;0.0;4;14;6.75
0.0;0.0;1.0;1.0;0.0;11.2;11.2;96.89;1.71;1.62;0.0;0.0;4;14;7.0
3.29;28.54;1.0;0.34;0.0;11.11;11.11;96.77;1.6;1.61;0.0;0.0;4;14;7.25
13.97;78.64;1.0;0.22;0.0;11.08;11.08;97.33;1.7;1.68;0.0;0.0;4;14;7.5
30.36;138.97;1.0;0.12;0.0;11.3;11.3;96.3;1.51;1.8;0.0;0.0;4;14;7.75
30.36;138.97;1.0;0.12;0.0;11.37;11.37;95.94;1.2;1.89;0.0;0.0;4;14;8.0
72.69;249.87;1.0;0.03;0.0;11.52;11.52;96.03;0.96;1.93;0.0;0.0;4;14;8.25
98.71;299.83;1.0;0.02;0.0;11.77;11.77;95.63;0.73;1.88;0.0;0.0;4;14;8.5
128.75;348.21;1.0;0.02;0.0;12.06;12.06;94.88;0.66;1.66;0.0;0.0;4;14;8.75
162.29;395.21;1.0;0.01;0.0;12.34;12.34;94.95;0.77;1.34;0.0;0.0;4;14;9.0
260.52;465.55;0.28;0.0;0.0;12.64;12.64;94.11;0.99;1.71;0.0;0.0;4;14;9.25
309.55;511.96;0.09;0.0;0.01;12.87;12.87;93.01;1.15;2.34;0.0;0.0;4;14;9.5
349.21;556.32;0.0;0.0;0.03;12.99;12.99;91.49;1.39;2.32;0.0;0.0;4;14;9.75
380.68;598.89;0.0;0.0;0.04;13.21;13.21;90.85;1.31;2.01;0.0;0.0;4;14;10.0
415.13;660.87;0.0;0.0;0.1;13.47;13.47;90.27;1.15;1.73;0.0;0.0;4;14;10.25
441.99;700.57;0.0;0.0;0.12;13.76;13.76;89.06;1.03;1.49;0.0;0.0;4;14;10.5
468.53;737.89;0.0;0.0;0.13;13.98;13.98;86.11;1.01;1.42;0.0;0.0;4;14;10.75
494.78;773.12;0.0;0.0;0.13;14.16;14.16;83.62;1.09;1.45;0.0;0.0;4;14;11.0
521.35;822.53;0.0;0.0;0.17;14.43;14.43;83.25;1.18;1.59;0.0;0.0;4;14;11.25
530.1;852.81;0.0;0.0;0.21;14.59;14.59;81.62;1.33;1.74;0.0;0.0;4;14;11.5
483.23;880.54;0.0;0.0;0.34;14.62;14.62;80.22;1.49;1.95;0.01;0.0;4;14;11.75
387.71;906.04;0.0;0.0;0.55;14.6;14.6;80.15;1.59;2.15;0.01;0.0;4;14;12.0
218.09;939.5;0.0;0.0;1.0;14.45;14.45;79.67;1.59;2.13;0.0;0.0;4;14;12.25
326.09;958.31;0.0;0.0;0.8;14.45;14.45;78.37;1.41;1.92;0.0;0.0;4;14;12.5
469.24;974.56;0.0;0.0;0.52;14.61;14.61;76.35;1.12;1.49;0.0;0.0;4;14;12.75
643.16;988.58;0.0;0.0;0.18;14.92;14.92;74.46;1.13;1.4;0.0;0.0;4;14;13.0
735.82;1003.82;0.0;0.0;0.01;15.32;15.32;73.01;1.5;1.82;0.0;0.0;4;14;13.25
692.96;1009.87;0.0;0.0;0.11;15.65;15.65;71.74;1.87;2.32;0.0;0.0;4;14;13.5
586.52;1013.54;0.0;0.0;0.34;15.79;15.79;70.97;2.06;2.66;0.0;0.0;4;14;13.75
424.44;1015.13;0.0;0.0;0.68;15.69;15.69;71.24;2.03;2.71;0.0;0.0;4;14;14.0
255.41;1011.11;0.0;0.0;1.0;15.57;15.57;72.11;1.9;2.61;0.0;0.0;4;14;14.25
241.78;1003.99;0.0;0.0;1.0;15.54;15.54;73.09;1.7;2.42;0.0;0.0;4;14;14.5
250.04;994.82;0.0;0.0;0.97;15.57;15.57;73.5;1.7;2.47;0.0;0.0;4;14;14.75
277.44;983.87;0.0;0.0;0.92;15.73;15.73;72.74;1.96;2.88;0.0;0.0;4;14;15.0
566.58;960.86;0.0;0.0;0.29;16.04;16.04;70.52;2.08;3.0;0.0;0.0;4;14;15.25
603.4;941.05;0.0;0.0;0.18;16.25;16.25;67.82;2.1;2.99;0.0;0.0;4;14;15.5
629.64;919.68;0.0;0.0;0.09;16.41;16.41;64.92;2.13;3.03;0.0;0.0;4;14;15.75
646.63;896.94;0.0;0.0;0.01;16.55;16.55;61.82;2.25;3.22;0.0;0.0;4;14;16.0
611.94;856.51;0.0;0.0;0.01;16.58;16.58;59.26;2.2;3.12;0.0;0.0;4;14;16.25
586.99;825.36;0.0;0.0;0.01;16.55;16.55;57.82;1.95;2.71;0.0;0.0;4;14;16.5
559.22;793.23;0.0;0.0;0.0;16.55;16.55;57.85;1.68;2.29;0.0;0.0;4;14;16.75
528.98;760.25;0.0;0.0;0.01;16.69;16.69;59.06;1.61;2.22;0.0;0.0;4;14;17.0
448.16;705.15;0.0;0.0;0.09;16.9;16.9;60.63;1.83;2.61;0.0;0.0;4;14;17.25
434.4;664.79;0.01;0.0;0.03;17.08;17.08;61.93;2.35;3.46;0.0;0.0;4;14;17.5
356.86;624.1;0.04;0.0;0.18;16.89;16.89;63.38;2.83;4.31;0.0;0.0;4;14;17.75
223.53;583.12;0.1;0.0;0.5;16.33;16.33;65.17;2.7;4.24;0.0;0.0;4;14;18.0
213.42;517.12;0.23;0.0;0.41;16.08;16.08;65.54;2.08;3.35;0.0;0.0;4;14;18.25
243.84;470.3;0.2;0.0;0.13;15.99;15.99;65.49;1.86;3.01;0.0;0.0;4;14;18.5
241.22;423.81;0.12;0.0;0.0;15.96;15.96;65.53;1.9;3.09;0.0;0.0;4;14;18.75
209.69;377.63;0.02;0.0;0.0;15.88;15.88;65.73;1.87;3.07;0.0;0.0;4;14;19.0
64.34;305.21;0.0;0.0;0.76;15.74;15.74;66.3;2.01;3.4;0.0;0.0;4;14;19.25
54.95;255.12;0.0;0.0;0.7;15.58;15.58;67.43;2.03;3.61;0.0;0.0;4;14;19.5
54.78;206.01;0.0;0.0;0.45;15.42;15.42;69.02;1.77;3.37;0.0;0.0;4;14;19.75
62.67;157.78;0.0;0.0;0.02;15.07;15.07;71.54;1.63;3.31;0.0;0.0;4;14;20.0
20.48;83.88;0.01;0.0;0.18;14.58;14.58;73.84;1.49;3.35;0.0;0.0;4;14;20.25
20.48;83.88;0.01;0.0;0.18;14.18;14.18;75.2;1.32;3.23;0.0;0.0;4;14;20.5
0.0;0.0;0.14;0.0;0.01;14.15;14.15;74.47;1.06;2.71;0.0;0.0;4;14;20.75
0.0;0.0;0.17;0.0;0.02;13.78;13.78;76.02;1.16;2.08;0.0;0.0;4;14;21.0
0.0;0.0;0.27;0.0;0.5;13.48;13.48;78.92;1.66;1.86;0.0;0.0;4;14;21.25
0.0;0.0;0.27;0.0;0.5;13.03;13.03;81.94;1.89;2.29;0.0;0.0;4;14;21.5
0.0;0.0;0.27;0.0;0.5;13.17;13.17;81.92;2.12;3.06;0.0;0.0;4;14;21.75
0.0;0.0;0.27;0.0;0.5;13.39;13.39;80.33;2.02;3.4;0.0;0.0;4;14;22.0
0.0;0.0;0.7;0.0;1.0;13.73;13.73;75.94;1.54;3.64;0.0;0.0;4;14;22.25
0.0;0.0;0.7;0.0;1.0;14.1;14.1;71.46;1.83;4.62;0.0;0.0;4;14;22.5
0.0;0.0;0.02;0.0;0.0;10.83;10.83;81.02;2.11;4.0;0.0;0.0;4;15;2.25
0.0;0.0;0.01;0.0;0.0;10.51;10.51;82.05;2.16;3.96;0.0;0.0;4;15;2.5
0.0;0.0;0.01;0.0;0.0;10.28;10.28;82.6;2.3;4.02;0.0;0.0;4;15;2.75
0.0;0.0;0.01;0.0;0.0;9.92;9.92;84.19;2.14;4.01;0.0;0.0;4;15;3.0
0.0;0.0;0.0;0.0;0.0;10.02;10.02;83.06;2.23;3.95;0.0;0.0;4;15;3.25
0.0;0.0;0.0;0.0;0.0;9.67;9.67;84.07;2.1;3.89;0.0;0.0;4;15;3.5
0.0;0.0;0.0;0.0;0.0;9.59;9.59;83.93;2.2;3.92;0.0;0.0;4;15;3.75
0.0;0.0;0.0;0.0;0.0;9.41;9.41;84.34;2.23;3.99;0.0;0.0;4;15;4.0
0.0;0.0;0.0;0.0;0.0;9.36;9.36;84.67;2.0;4.09;0.0;0.0;4;15;4.25
0.0;0.0;0.0;0.0;0.0;9.11;9.11;85.8;1.85;4.17;0.0;0.0;4;15;4.5
0.0;0.0;0.0;0.0;0.0;8.99;8.99;86.2;1.85;4.23;0.0;0.0;4;15;4.75
0.0;0.0;0.0;0.0;0.0;8.92;8.92;86.77;1.79;4.3;0.0;0.0;4;15;5.0
0.0;0.0;0.0;0.0;0.0;8.8;8.8;87.43;1.78;4.39;0.0;0.0;4;15;5.25
0.0;0.0;0.0;0.0;0.0;8.72;8.72;87.99;1.76;4.55;0.0;0.0;4;15;5.5
0.0;0.0;0.0;0.0;0.0;8.7;8.7;88.38;1.73;4.69;0.0;0.0;4;15;5.75
0.0;0.0;0.0;0.0;0.0;8.67;8.67;88.89;1.68;4.74;0.0;0.0;4;15;6.0
0.0;0.0;0.02;0.0;0.0;8.6;8.6;89.47;1.65;4.72;0.0;0.0;4;15;6.25
0.0;0.0;0.02;0.0;0.0;8.56;8.56;89.95;1.62;4.71;0.0;0.0;4;15;6.5
0.0;0.0;0.02;0.0;0.0;8.45;8.45;90.6;1.56;4.72;0.0;0.0;4;15;6.75
0.0;0.0;0.02;0.0;0.0;8.35;8.35;91.11;1.51;4.71;0.0;0.0;4;15;7.0
5.64;34.23;0.07;0.0;0.0;8.25;8.25;91.66;1.45;4.68;0.0;0.0;4;15;7.25
25.88;84.23;0.08;0.0;0.0;8.21;8.21;92.28;1.38;4.6;0.0;0.0;4;15;7.5
54.63;144.46;0.18;0.0;0.0;8.43;8.43;92.27;1.31;4.44;0.0;0.0;4;15;7.75
54.63;144.46;0.18;0.0;0.0;8.51;8.51;92.56;1.3;4.21;0.0;0.0;4;15;8.0
117.12;255.2;0.52;0.0;0.0;8.69;8.69;93.05;1.24;4.0;0.0;0.0;4;15;8.25
146.03;305.08;0.71;0.0;0.0;8.91;8.91;93.27;1.26;3.67;0.0;0.0;4;15;8.5
174.63;353.39;0.87;0.0;0.0;9.13;9.13;93.52;1.28;3.33;0.0;0.0;4;15;8.75
202.95;400.33;1.0;0.0;0.0;9.45;9.45;93.29;1.3;3.04;0.0;0.0;4;15;9.0
250.2;470.58;1.0;0.0;0.0;9.82;9.82;92.41;1.4;2.67;0.0;0.0;4;15;9.25
283.85;516.94;1.0;0.0;0.0;10.11;10.11;91.78;1.44;2.35;0.0;0.0;4;15;9.5
316.58;561.25;1.0;0.0;0.0;10.38;10.38;91.54;1.38;2.18;0.0;0.0;4;15;9.75
348.51;603.78;1.0;0.0;0.0;10.68;10.68;91.2;1.36;2.11;0.0;0.0;4;15;10.0
396.91;665.71;1.0;0.0;0.0;11.01;11.01;89.87;1.42;2.19;0.0;0.0;4;15;10.25
428.87;705.38;1.0;0.0;0.0;11.31;11.31;87.22;1.59;2.36;0.0;0.0;4;15;10.5
459.0;742.67;1.0;0.0;0.0;11.64;11.64;85.9;1.6;2.36;0.0;0.0;4;15;10.75
487.53;777.88;1.0;0.0;0.0;11.95;11.95;84.79;1.65;2.43;0.0;0.0;4;15;11.0
528.1;827.27;1.0;0.0;0.0;12.2;12.2;83.2;1.79;2.61;0.0;0.0;4;15;11.25
553.16;857.55;1.0;0.0;0.0;12.42;12.42;81.14;1.89;2.74;0.0;0.0;4;15;11.5
576.09;885.28;1.0;0.0;0.0;12.69;12.69;79.02;1.92;2.78;0.0;0.0;4;15;11.75
597.15;910.78;1.0;0.0;0.0;12.98;12.98;76.32;1.95;2.79;0.0;0.0;4;15;12.0
625.77;944.27;1.0;0.0;0.0;13.34;13.34;72.8;1.98;2.81;0.0;0.0;4;15;12.25
642.36;963.1;1.0;0.0;0.0;13.72;13.72;69.31;2.05;2.91;0.0;0.0;4;15;12.5
656.82;979.37;1.0;0.0;0.0;14.04;14.04;66.02;2.2;3.11;0.0;0.0;4;15;12.75
669.42;993.42;1.0;0.0;0.0;14.21;14.21;63.24;2.38;3.34;0.0;0.0;4;15;13.0
685.55;1008.72;1.0;0.0;0.0;14.29;14.29;61.48;2.47;3.47;0.0;0.0;4;15;13.25
694.34;1014.81;1.0;0.0;0.0;14.4;14.4;60.38;2.46;3.47;0.0;0.0;4;15;13.5
700.64;1018.53;1.0;0.0;0.0;14.56;14.56;59.6;2.41;3.4;0.0;0.0;4;15;13.75
704.76;1020.17;1.0;0.0;0.0;14.74;14.74;59.0;2.39;3.36;0.0;0.0;4;15;14.0
702.83;1016.24;1.0;0.0;0.0;14.92;14.92;58.51;2.41;3.4;0.0;0.0;4;15;14.25
697.72;1009.18;1.0;0.0;0.0;15.08;15.08;58.08;2.48;3.5;0.0;0.0;4;15;14.5
690.54;1000.08;1.0;0.0;0.0;15.22;15.22;57.54;2.54;3.62;0.0;0.0;4;15;14.75
681.56;989.2;1.0;0.0;0.0;15.33;15.33;56.92;2.59;3.7;0.0;0.0;4;15;15.0
660.58;966.31;1.0;0.0;0.0;15.42;15.42;56.27;2.6;3.74;0.0;0.0;4;15;15.25
643.27;946.58;1.0;0.0;0.0;15.51;15.51;55.39;2.62;3.78;0.0;0.0;4;15;15.5
624.44;925.29;1.0;0.0;0.0;15.59;15.59;54.55;2.67;3.87;0.0;0.0;4;15;15.75
604.28;902.63;1.0;0.0;0.0;15.65;15.65;53.9;2.73;4.01;0.0;0.0;4;15;16.0
566.97;862.33;1.0;0.0;0.0;15.67;15.67;53.5;2.79;4.13;0.0;0.0;4;15;16.25
537.66;831.28;1.0;0.0;0.0;15.67;15.67;53.2;2.82;4.22;0.0;0.0;4;15;16.5
507.96;799.25;1.0;0.0;0.0;15.65;15.65;52.95;2.85;4.29;0.0;0.0;4;15;16.75
477.91;766.35;1.0;0.0;0.0;15.61;15.61;52.55;2.9;4.39;0.0;0.0;4;15;17.0
429.44;711.4;1.0;0.0;0.0;15.58;15.58;51.49;2.97;4.53;0.0;0.0;4;15;17.25
394.93;671.14;1.0;0.0;0.0;15.5;15.5;50.45;3.0;4.6;0.0;0.0;4;15;17.5
359.79;630.54;1.0;0.0;0.0;15.4;15.4;49.72;2.96;4.57;0.0;0.0;4;15;17.75
324.12;589.66;1.0;0.0;0.0;15.31;15.31;49.64;2.86;4.46;0.0;0.0;4;15;18.0
266.81;523.79;1.0;0.0;0.0;15.23;15.23;50.1;2.77;4.36;0.0;0.0;4;15;18.25
231.27;477.07;1.0;0.0;0.0;15.15;15.15;50.77;2.71;4.32;0.0;0.0;4;15;18.5
198.08;430.68;1.0;0.0;0.0;15.05;15.05;51.56;2.67;4.31;0.0;0.0;4;15;18.75
166.94;384.58;1.0;0.0;0.0;14.91;14.91;52.35;2.62;4.29;0.0;0.0;4;15;19.0
122.02;312.3;1.0;0.0;0.0;14.74;14.74;53.14;2.56;4.25;0.0;0.0;4;15;19.25
94.5;262.29;1.0;0.0;0.0;14.57;14.57;54.26;2.5;4.22;0.0;0.0;4;15;19.5
69.19;213.27;1.0;0.0;0.0;14.36;14.36;55.97;2.38;4.16;0.0;0.0;4;15;19.75
45.82;165.11;1.0;0.0;0.0;14.12;14.12;58.27;2.26;4.15;0.0;0.0;4;15;20.0
19.91;91.33;1.0;0.01;0.0;13.88;13.88;60.45;2.17;4.19;0.0;0.0;4;15;20.25
19.91;91.33;1.0;0.01;0.0;13.65;13.65;62.13;2.11;4.28;0.0;0.0;4;15;20.5
0.0;0.0;1.0;0.03;0.0;13.5;13.5;61.54;2.06;4.33;0.0;0.0;4;15;20.75
0.0;0.0;1.0;0.04;0.0;13.35;13.35;60.89;1.95;4.29;0.0;0.0;4;15;21.0
0.0;0.0;1.0;0.05;0.0;13.17;13.17;60.82;1.85;4.29;0.0;0.0;4;15;21.25
0.0;0.0;1.0;0.05;0.0;13.02;13.02;61.02;1.86;4.44;0.0;0.0;4;15;21.5
0.0;0.0;1.0;0.05;0.0;12.94;12.94;61.14;2.03;4.64;0.0;0.0;4;15;21.75
0.0;0.0;1.0;0.05;0.0;12.89;12.89;61.44;2.27;4.79;0.0;0.0;4;15;22.0
0.0;0.0;0.84;0.06;0.0;12.8;12.8;62.02;2.39;4.84;0.0;0.0;4;15;22.25
0.0;0.0;0.84;0.06;0.0;12.69;12.69;62.85;2.36;4.81;0.0;0.0;4;15;22.5
0.0;0.0;1.0;0.0;0.0;9.24;9.24;85.2;2.36;4.49;0.0;0.0;4;16;2.25
0.0;0.0;1.0;0.0;0.0;9.11;9.11;85.76;2.29;4.42;0.0;0.0;4;16;2.5
0.0;0.0;1.0;0.0;0.0;8.99;8.99;86.11;2.23;4.35;0.0;0.0;4;16;2.75
0.0;0.0;1.0;0.0;0.0;8.89;8.89;86.31;2.18;4.27;0.0;0.0;4;16;3.0
0.0;0.0;1.0;0.0;0.0;8.77;8.77;86.49;2.14;4.23;0.0;0.0;4;16;3.25
0.0;0.0;1.0;0.0;0.0;8.64;8.64;86.72;2.08;4.18;0.0;0.0;4;16;3.5
0.0;0.0;1.0;0.0;0.0;8.5;8.5;86.99;2.02;4.11;0.0;0.0;4;16;3.75
0.0;0.0;1.0;0.0;0.0;8.36;8.36;87.25;1.96;4.05;0.0;0.0;4;16;4.0
0.0;0.0;1.0;0.0;0.0;8.21;8.21;87.65;1.88;3.98;0.0;0.0;4;16;4.25
0.0;0.0;1.0;0.0;0.0;8.09;8.09;87.99;1.83;4.0;0.0;0.0;4;16;4.5
0.0;0.0;1.0;0.0;0.0;7.99;7.99;88.14;1.8;4.01;0.0;0.0;4;16;4.75
0.0;0.0;1.0;0.0;0.0;7.9;7.9;88.23;1.78;4.04;0.0;0.0;4;16;5.0
0.0;0.0;1.0;0.0;0.0;7.79;7.79;88.43;1.73;4.04;0.0;0.0;4;16;5.25
0.0;0.0;1.0;0.0;0.0;7.68;7.68;88.73;1.7;4.1;0.0;0.0;4;16;5.5
0.0;0.0;1.0;0.0;0.0;7.58;7.58;88.9;1.7;4.22;0.0;0.0;4;16;5.75
0.0;0.0;1.0;0.0;0.0;7.52;7.52;88.87;1.7;4.29;0.0;0.0;4;16;6.0
0.0;0.0;1.0;0.0;0.0;7.44;7.44;88.85;1.72;4.32;0.0;0.0;4;16;6.25
0.0;0.0;1.0;0.0;0.0;7.35;7.35;88.82;1.76;4.44;0.0;0.0;4;16;6.5
0.0;0.0;1.0;0.0;0.0;7.29;7.29;88.61;1.83;4.58;0.0;0.0;4;16;6.75
0.0;0.0;1.0;0.0;0.0;7.22;7.22;88.31;1.88;4.68;0.0;0.0;4;16;7.0
8.08;39.88;0.23;0.0;0.0;7.13;7.13;88.22;1.94;4.8;0.0;0.0;4;16;7.25
30.25;89.8;0.07;0.0;0.0;7.08;7.08;88.2;2.0;4.95;0.0;0.0;4;16;7.5
61.76;149.93;0.0;0.0;0.0;7.12;7.12;88.21;2.07;5.02;0.0;0.0;4;16;7.75
61.76;149.93;0.0;0.0;0.0;7.15;7.15;88.16;2.13;5.0;0.0;0.0;4;16;8.0
133.9;260.48;0.0;0.0;0.0;7.35;7.35;87.89;2.17;4.92;0.0;0.0;4;16;8.25
168.94;310.29;0.0;0.0;0.0;7.64;7.64;87.09;2.2;4.63;0.0;0.0;4;16;8.5
204.76;358.53;0.0;0.0;0.0;7.98;7.98;85.94;2.25;4.25;0.0;0.0;4;16;8.75
241.24;405.41;0.0;0.0;0.0;8.32;8.32;84.97;2.21;3.83;0.0;0.0;4;16;9.0
299.74;475.57;0.0;0.0;0.0;8.68;8.68;84.17;2.11;3.66;0.0;0.0;4;16;9.25
339.0;521.87;0.0;0.0;0.0;9.06;9.06;82.38;2.3;3.86;0.0;0.0;4;16;9.5
376.67;566.13;0.0;0.0;0.0;9.41;9.41;80.48;2.39;3.87;0.0;0.0;4;16;9.75
412.96;608.62;0.0;0.0;0.0;9.65;9.65;79.06;2.45;3.84;0.0;0.0;4;16;10.0
466.38;670.49;0.0;0.0;0.0;9.85;9.85;78.41;2.41;3.73;0.0;0.0;4;16;10.25
500.68;710.13;0.0;0.0;0.0;10.08;10.08;77.86;2.34;3.58;0.0;0.0;4;16;10.5
531.09;747.39;0.0;0.0;0.01;10.34;10.34;76.96;2.28;3.43;0.0;0.0;4;16;10.75
558.08;782.58;0.0;0.0;0.02;10.59;10.59;75.7;2.3;3.4;0.0;0.0;4;16;11.0
554.05;831.95;0.0;0.0;0.16;10.74;10.74;74.71;2.37;3.47;0.0;0.0;4;16;11.25
579.19;862.23;0.0;0.0;0.16;10.9;10.9;74.14;2.42;3.55;0.0;0.0;4;16;11.5
618.84;889.96;0.0;0.0;0.11;11.1;11.1;73.36;2.45;3.59;0.0;0.0;4;16;11.75
671.21;915.46;0.0;0.0;0.03;11.3;11.3;72.21;2.48;3.6;0.0;0.0;4;16;12.0
708.72;948.96;0.0;0.0;0.01;11.52;11.52;71.14;2.51;3.63;0.0;0.0;4;16;12.25
725.33;967.81;0.0;0.0;0.01;11.74;11.74;70.45;2.54;3.67;0.0;0.0;4;16;12.5
738.76;984.11;0.0;0.0;0.01;11.93;11.93;70.3;2.57;3.72;0.0;0.0;4;16;12.75
749.4;998.18;0.0;0.0;0.02;12.09;12.09;70.37;2.6;3.76;0.0;0.0;4;16;13.0
766.28;1013.53;0.0;0.0;0.01;12.24;12.24;70.35;2.62;3.78;0.0;0.0;4;16;13.25
774.88;1019.67;0.0;0.0;0.0;12.38;12.38;69.94;2.62;3.76;0.0;0.0;4;16;13.5
780.12;1023.43;0.0;0.0;0.0;12.53;12.53;69.08;2.6;3.71;0.0;0.0;4;16;13.75
782.4;1025.12;0.0;0.0;0.0;12.71;12.71;67.85;2.64;3.76;0.0;0.0;4;16;14.0
780.05;1021.27;0.0;0.0;0.0;12.94;12.94;66.41;2.75;3.94;0.0;0.0;4;16;14.25
773.72;1014.28;0.0;0.0;0.0;13.21;13.21;64.7;2.85;4.14;0.0;0.0;4;16;14.5
765.07;1005.25;0.0;0.0;0.0;13.47;13.47;62.54;2.94;4.29;0.0;0.0;4;16;14.75
754.37;994.44;0.0;0.0;0.0;13.7;13.7;59.37;3.03;4.43;0.0;0.0;4;16;15.0
733.99;971.66;0.0;0.0;0.0;13.86;13.86;56.13;3.07;4.47;0.0;0.0;4;16;15.25
716.2;952.01;0.0;0.0;0.0;13.92;13.92;55.19;3.06;4.48;0.0;0.0;4;16;15.5
696.79;930.8;0.0;0.0;0.0;13.98;13.98;55.9;3.05;4.46;0.0;0.0;4;16;15.75
675.96;908.22;0.0;0.0;0.0;14.01;14.01;57.33;3.01;4.41;0.0;0.0;4;16;16.0
639.5;868.06;0.0;0.0;0.0;14.04;14.04;58.26;2.97;4.37;0.0;0.0;4;16;16.25
611.95;837.1;0.0;0.0;0.0;14.1;14.1;58.18;2.95;4.34;0.0;0.0;4;16;16.5
583.72;805.16;0.0;0.0;0.0;14.17;14.17;57.05;2.94;4.34;0.0;0.0;4;16;16.75
554.88;772.36;0.0;0.0;0.0;14.23;14.23;55.68;2.92;4.34;0.0;0.0;4;16;17.0
507.07;717.55;0.0;0.0;0.0;14.23;14.23;54.99;2.91;4.34;0.0;0.0;4;16;17.25
472.34;677.38;0.0;0.0;0.0;14.24;14.24;54.3;2.88;4.34;0.0;0.0;4;16;17.5
437.44;636.88;0.0;0.0;0.0;14.25;14.25;53.85;2.89;4.4;0.0;0.0;4;16;17.75
402.39;596.09;0.0;0.0;0.0;14.22;14.22;53.75;2.94;4.54;0.0;0.0;4;16;18.0
346.19;530.37;0.0;0.0;0.0;14.13;14.13;54.06;3.01;4.72;0.0;0.0;4;16;18.25
306.73;483.74;0.0;0.0;0.0;14.0;14.0;54.61;3.04;4.85;0.0;0.0;4;16;18.5
267.92;437.44;0.0;0.0;0.0;13.83;13.83;55.16;3.03;4.91;0.0;0.0;4;16;18.75
229.69;391.44;0.0;0.0;0.0;13.65;13.65;55.44;2.99;4.91;0.0;0.0;4;16;19.0
176.08;319.29;0.0;0.0;0.0;13.47;13.47;55.22;2.95;4.91;0.0;0.0;4;16;19.25
141.07;269.37;0.0;0.0;0.0;13.3;13.3;54.71;2.91;4.93;0.0;0.0;4;16;19.5
107.84;220.43;0.0;0.0;0.0;13.1;13.1;54.42;2.87;4.99;0.0;0.0;4;16;19.75
76.18;172.35;0.0;0.0;0.0;12.8;12.8;54.75;2.86;5.14;0.0;0.0;4;16;20.0
33.36;98.69;0.0;0.0;0.0;12.47;12.47;55.58;2.88;5.34;0.0;0.0;4;16;20.25
33.36;98.69;0.0;0.0;0.0;12.17;12.17;56.97;2.91;5.5;0.0;0.0;4;16;20.5
0.0;0.0;0.0;0.0;0.0;11.91;11.91;57.4;2.88;5.58;0.0;0.0;4;16;20.75
0.0;0.0;0.0;0.0;0.0;11.67;11.67;57.99;2.82;5.62;0.0;0.0;4;16;21.0
0.0;0.0;0.0;0.0;0.0;11.47;11.47;58.79;2.77;5.67;0.0;0.0;4;16;21.25
0.0;0.0;0.0;0.0;0.0;11.28;11.28;59.56;2.7;5.67;0.0;0.0;4;16;21.5
0.0;0.0;0.0;0.0;0.0;11.1;11.1;60.05;2.59;5.63;0.0;0.0;4;16;21.75
0.0;0.0;0.0;0.0;0.0;10.94;10.94;60.29;2.51;5.62;0.0;0.0;4;16;22.0
0.0;0.0;0.0;0.0;0.0;10.76;10.76;60.53;2.48;5.6;0.0;0.0;4;16;22.25
0.0;0.0;0.0;0.0;0.0;10.56;10.56;60.84;2.41;5.54;0.0;0.0;4;16;22.5
